Workbook
Name ش146: #REF!
Name ش146: #REF!
Name ش146: #REF!
Name ش146: #REF!
Name ش146: #REF!
Name ش146: #REF!
Name ش146: #REF!
Name ش146: #REF!
Name ش146: #REF!

Sheet الاطار الموازنى  راي الجهه عام
A1: مشروع موازنة السنة المالية 2026/ 2027
D2: جهاز تنمية شبه جزيرة سيناء | P2: " القيمة بالجنيه "
A3: موازنة السنة المالية 2022/ 2023 | C3: موازنة السنة المالية 2023/ 2024 | E3: موازنة السنة المالية 2024/ 2025 | G3: الكود الاقتصادى | H3: البيان | I3: مقترح مشروع 2026/ 2027 | J3: الأطار الموازني | N3: الزيادة في راي الجهة | O3: مقترح العام المالى 2028/ 2029 | P3: التغير | R3: النسبة
A4: ربط | B4: ختامي | C4: ربط | D4: ختامي | E4: ربط | F4: ختامي | J4: مقترح العام المالى 2027/ 2028 | K4: مقترح العام المالى 2028/ 2029 | L4: المتوقع | M4: مقترح العام المالى 2029/ 2030 | P4: الزيادة | Q4: الخفض
G5: 3110000000 | H5: التكاليف و المصروفات | S5: =S437 -> 303335617
G6: 3111000000 | H6: مجموعة (1) خامات ومواد ووقود وقطع غيار | S6: =S70 -> 14899215
G7: 3111010000 | H7: بند 1 - خامات ومدخلات انتاج | S7: =S21 -> 0
G8: 3111010100 | H8: نوع(1) خامات | S8: =S12 -> 0
G9: 3111010101 | H9: فرع (1) خامات رئيسية | L9: =K9*2 -> 0 | N9: =M9-I9 -> 0 | O9: =M9 -> 0 | P9: =IF(O9>I9,O9-I9," ") | Q9: =IF(I9>O9,I9-O9," ") | R9: =IF(O9=0,,O9/I9) -> 0 | S9: =SUM(A9+B9+C9+D9+E9+F9+I9+J9+K9+L9+M9+O9) -> 0
G10: 3111010102 | H10: فرع (2) خامات مساعدة | L10: =K10*2 -> 0 | N10: =M10-I10 -> 0 | O10: =M10 -> 0 | P10: =IF(O10>I10,O10-I10," ") | Q10: =IF(I10>O10,I10-O10," ") | R10: =IF(O10=0,,O10/I10) -> 0 | S10: =SUM(A10+B10+C10+D10+E10+F10+I10+J10+K10+L10+M10+O10) -> 0
G11: 3111010103 | H11: فرع (3) أخرى | L11: =K11*2 -> 0 | N11: =M11-I11 -> 0 | O11: =M11 -> 0 | P11: =IF(O11>I11,O11-I11," ") | Q11: =IF(I11>O11,I11-O11," ") | R11: =IF(O11=0,,O11/I11) -> 0 | S11: =SUM(A11+B11+C11+D11+E11+F11+I11+J11+K11+L11+M11+O11) -> 0
A12: =SUM(A9:A11) -> 0 | B12: =SUM(B9:B11) -> 0 | C12: =SUM(C9:C11) -> 0 | D12: =SUM(D9:D11) -> 0 | E12: =SUM(E9:E11) -> 0 | F12: =SUM(F9:F11) -> 0 | H12: جملة نوع ( 1 ) | I12: =SUM(I9:I11) -> 0 | J12: =SUM(J9:J11) -> 0 | K12: =SUM(K9:K11) -> 0 | L12: =SUM(L9:L11) -> 0 | M12: =SUM(M9:M11) -> 0 | N12: =M12-I12 -> 0 | O12: =SUM(O9:O11) -> 0 | P12: =IF(O12>I12,O12-I12," ") | Q12: =IF(I12>O12,I12-O12," ") | R12: =IF(O12=0,,O12/I12) -> 0 | S12: =SUM(A12+B12+C12+D12+E12+F12+I12+J12+K12+L12+M12+O12) -> 0
A13: =A12/A847 -> 0 | B13: =B12/B847 -> 0 | C13: =C12/C847 -> 0 | D13: =D12/D847 -> 0 | E13: =E12/E847 -> 0 | F13: =F12/F847 -> #DIV/0! | H13: نسبة الى إيرادات النشاط | I13: =I12/I847 -> 0 | J13: =J12/J847 -> 0 | K13: =K12/K847 -> 0 | L13: =L12/L847 -> 0 | M13: =M12/M847 -> #DIV/0! | O13: =O12/O847 -> #DIV/0! | S13: 1
G14: 3111010200 | H14: نوع(2) مدخلات أنتاج | N14: =M14-I14 -> 0 | P14: =IF(O14>I14,O14-I14," ") | Q14: =IF(I14>O14,I14-O14," ") | S14: =S19 -> 0
G15: 3111010201 | H15: فرع (1) ألأراضي المستخدمة في تنفيذ مشروعات التعمير والإسكان التي يتم بيعها مع الوحدات السكنية المقامة عليها | L15: =K15*2 -> 0 | N15: =M15-I15 -> 0 | O15: =M15 -> 0 | P15: =IF(O15>I15,O15-I15," ") | Q15: =IF(I15>O15,I15-O15," ") | R15: =IF(O15=0,,O15/I15) -> 0 | S15: =SUM(A15+B15+C15+D15+E15+F15+I15+J15+K15+L15+M15+O15) -> 0
G16: 3111010202 | H16: فرع (2) ألأراضي المخصصة لمشروعات الاستصلاح والاستزراع التي يتم تنفيذها بغرض البيع للغير | L16: =K16*2 -> 0 | N16: =M16-I16 -> 0 | O16: =M16 -> 0 | P16: =IF(O16>I16,O16-I16," ") | Q16: =IF(I16>O16,I16-O16," ") | R16: =IF(O16=0,,O16/I16) -> 0 | S16: =SUM(A16+B16+C16+D16+E16+F16+I16+J16+K16+L16+M16+O16) -> 0
G17: 3111010203 | H17: فرع (3) مخلفات إنتاج يتم تشغيلها مرة أخري | L17: =K17*2 -> 0 | N17: =M17-I17 -> 0 | O17: =M17 -> 0 | P17: =IF(O17>I17,O17-I17," ") | Q17: =IF(I17>O17,I17-O17," ") | R17: =IF(O17=0,,O17/I17) -> 0 | S17: =SUM(A17+B17+C17+D17+E17+F17+I17+J17+K17+L17+M17+O17) -> 0
G18: 3111010204 | H18: فرع (4) مخلفات إنتاج أخري | L18: =K18*2 -> 0 | N18: =M18-I18 -> 0 | O18: =M18 -> 0 | P18: =IF(O18>I18,O18-I18," ") | Q18: =IF(I18>O18,I18-O18," ") | R18: =IF(O18=0,,O18/I18) -> 0 | S18: =SUM(A18+B18+C18+D18+E18+F18+I18+J18+K18+L18+M18+O18) -> 0
A19: =SUM(A15:A18) -> 0 | B19: =SUM(B15:B18) -> 0 | C19: =SUM(C15:C18) -> 0 | D19: =SUM(D15:D18) -> 0 | E19: =SUM(E15:E18) -> 0 | F19: =SUM(F15:F18) -> 0 | H19: جملة نوع ( 2 ) | I19: =SUM(I15:I18) -> 0 | J19: =SUM(J15:J18) -> 0 | K19: =SUM(K15:K18) -> 0 | L19: =SUM(L15:L18) -> 0 | M19: =SUM(M15:M18) -> 0 | N19: =M19-I19 -> 0 | O19: =SUM(O15:O18) -> 0 | P19: =IF(O19>I19,O19-I19," ") | Q19: =IF(I19>O19,I19-O19," ") | R19: =IF(O19=0,,O19/I19) -> 0 | S19: =SUM(A19+B19+C19+D19+E19+F19+I19+J19+K19+L19+M19+O19) -> 0
A20: =A19/A847 -> 0 | B20: =B19/B847 -> 0 | C20: =C19/C847 -> 0 | D20: =D19/D847 -> 0 | E20: =E19/E847 -> 0 | F20: =F19/F847 -> #DIV/0! | H20: نسبة الى إيرادات النشاط | I20: =I19/I847 -> 0 | J20: =J19/J847 -> 0 | K20: =K19/K847 -> 0 | L20: =L19/L847 -> 0 | M20: =M19/M847 -> #DIV/0! | O20: =O19/O847 -> #DIV/0! | S20: 1
A21: 0 | B21: 0 | C21: 0 | D21: 0 | E21: 0 | F21: =F12+F19 -> 0 | H21: جملة بند 1 - خامات ومدخلات انتاج | I21: 0 | J21: 0 | K21: 0 | L21: =K21*2 -> 0 | M21: =M12+M19 -> 0 | N21: =M21-I21 -> 0 | O21: =O12+O19 -> 0 | P21: =IF(O21>I21,O21-I21," ") | Q21: =IF(I21>O21,I21-O21," ") | R21: =IF(O21=0,,O21/I21) -> 0 | S21: =SUM(A21+B21+C21+D21+E21+F21+I21+J21+K21+L21+M21+O21) -> 0
G22: 3111020000 | H22: بند 2 وقود وزيوت | P22: =IF(O22>I22,O22-I22," ") | Q22: =IF(I22>O22,I22-O22," ") | S22: =S40 -> 5194998
G23: 3111020101 | H23: نوع (1) فحومات | L23: =K23*2 -> 0 | N23: =M23-I23 -> 0 | O23: =M23 -> 0 | P23: =IF(O23>I23,O23-I23," ") | Q23: =IF(I23>O23,I23-O23," ") | R23: =IF(O23=0,,O23/I23) -> 0 | S23: =SUM(A23+B23+C23+D23+E23+F23+I23+J23+K23+L23+M23+O23) -> 0
G24: 3111020200 | H24: نوع (2) مواد بترولية | P24: =IF(O24>I24,O24-I24," ") | Q24: =IF(I24>O24,I24-O24," ") | S24: =S27 -> 4473758
G25: 3111020201 | H25: فرع (1) مواد بترولية للتشغيل | L25: =K25*2 -> 0 | N25: =M25-I25 -> 0 | O25: =M25 -> 0 | P25: =IF(O25>I25,O25-I25," ") | Q25: =IF(I25>O25,I25-O25," ") | R25: =IF(O25=0,,O25/I25) -> 0 | S25: =SUM(A25+B25+C25+D25+E25+F25+I25+J25+K25+L25+M25+O25) -> 0
A26: 200000 | B26: 177868 | C26: 265000 | D26: 267890 | E26: 450000 | G26: 3111020202 | H26: فرع (2) مواد بترولية لسيارات الركوب | I26: 495000 | J26: 569000 | K26: 683000 | L26: =K26*2 -> 1366000 | N26: =M26-I26 -> -495000 | O26: =M26 -> 0 | P26: =IF(O26>I26,O26-I26," ") | Q26: =IF(I26>O26,I26-O26," ") -> 495000 | R26: =IF(O26=0,,O26/I26) -> 0 | S26: =SUM(A26+B26+C26+D26+E26+F26+I26+J26+K26+L26+M26+O26) -> 4473758
A27: =SUM(A25:A26) -> 200000 | B27: =SUM(B25:B26) -> 177868 | C27: =SUM(C25:C26) -> 265000 | D27: =SUM(D25:D26) -> 267890 | E27: =SUM(E25:E26) -> 450000 | F27: =SUM(F25:F26) -> 0 | H27: جملة نوع ( 2 ) | I27: =SUM(I25:I26) -> 495000 | J27: =SUM(J25:J26) -> 569000 | K27: =SUM(K25:K26) -> 683000 | L27: =SUM(L25:L26) -> 1366000 | M27: =SUM(M25:M26) -> 0 | N27: =M27-I27 -> -495000 | O27: =SUM(O25:O26) -> 0 | P27: =IF(O27>I27,O27-I27," ") | Q27: =IF(I27>O27,I27-O27," ") -> 495000 | R27: =IF(O27=0,,O27/I27) -> 0 | S27: =SUM(A27+B27+C27+D27+E27+F27+I27+J27+K27+L27+M27+O27) -> 4473758
A28: =A27/A847 -> 0.0090909091 | B28: =B27/B847 -> 0.0071065233 | C28: =C27/C847 -> 0.014082262 | D28: =D27/D847 -> 0.0083492858 | E28: =E27/E847 -> 0.014601856 | F28: =F27/F847 -> #DIV/0! | H28: نسبة الى إيرادات النشاط | I28: =I27/I847 -> 0.012556122 | J28: =J27/J847 -> 0.012499176 | K28: =K27/K847 -> 0.01250389 | L28: =L27/L847 -> 0.012506523 | M28: =M27/M847 -> #DIV/0! | O28: =O27/O847 -> #DIV/0! | S28: 1
G29: 3111020300 | H29: نوع (3) مواد تزييت و تشحيم | P29: =IF(O29>I29,O29-I29," ") | Q29: =IF(I29>O29,I29-O29," ") | S29: =S32 -> 649315
G30: 3111020301 | H30: فرع (1) مواد تزييت و شحومات للتشغيل | L30: =K30*2 -> 0 | N30: =M30-I30 -> 0 | O30: =M30 -> 0 | P30: =IF(O30>I30,O30-I30," ") | Q30: =IF(I30>O30,I30-O30," ") | R30: =IF(O30=0,,O30/I30) -> 0 | S30: =SUM(A30+B30+C30+D30+E30+F30+I30+J30+K30+L30+M30+O30) -> 0
A31: 15000 | B31: 17422 | C31: 23000 | D31: 29893 | E31: 45000 | G31: 3111020302 | H31: فرع (2) مواد تزييت وشحومات لسيارات الركوب | I31: 82000 | J31: 95000 | K31: 114000 | L31: =K31*2 -> 228000 | N31: =M31-I31 -> -82000 | O31: =M31 -> 0 | P31: =IF(O31>I31,O31-I31," ") | Q31: =IF(I31>O31,I31-O31," ") -> 82000 | R31: =IF(O31=0,,O31/I31) -> 0 | S31: =SUM(A31+B31+C31+D31+E31+F31+I31+J31+K31+L31+M31+O31) -> 649315
A32: =SUM(A30:A31) -> 15000 | B32: =SUM(B30:B31) -> 17422 | C32: =SUM(C30:C31) -> 23000 | D32: =SUM(D30:D31) -> 29893 | E32: =SUM(E30:E31) -> 45000 | F32: =SUM(F30:F31) -> 0 | H32: جملة نوع ( 3 ) | I32: =SUM(I30:I31) -> 82000 | J32: =SUM(J30:J31) -> 95000 | K32: =SUM(K30:K31) -> 114000 | L32: =SUM(L30:L31) -> 228000 | M32: =SUM(M30:M31) -> 0 | N32: =M32-I32 -> -82000 | O32: =SUM(O30:O31) -> 0 | P32: =IF(O32>I32,O32-I32," ") | Q32: =IF(I32>O32,I32-O32," ") -> 82000 | R32: =IF(O32=0,,O32/I32) -> 0 | S32: =SUM(A32+B32+C32+D32+E32+F32+I32+J32+K32+L32+M32+O32) -> 649315
A33: =A32/A847 -> 0.00068181818 | B33: =B32/B847 -> 0.00069607714 | C33: =C32/C847 -> 0.001222234 | D33: =D32/D847 -> 0.00093167047 | E33: =E32/E847 -> 0.0014601856 | F33: =F32/F847 -> #DIV/0! | H33: نسبة الى إيرادات النشاط | I33: =I32/I847 -> 0.0020800041 | J33: =J32/J847 -> 0.0020868572 | K33: =K32/K847 -> 0.0020870329 | L33: =L32/L847 -> 0.0020874724 | M33: =M32/M847 -> #DIV/0! | O33: =O32/O847 -> #DIV/0! | S33: 1
G34: 3111020400 | H34: نوع (4) غاز | P34: =IF(O34>I34,O34-I34," ") | Q34: =IF(I34>O34,I34-O34," ") | S34: =S36 -> 0
C35: 14000 | D35: 1925 | E35: 14000 | G35: 3111020401 | H35: فرع (1) غاز للتشغيل | I35: 7000 | J35: 8000 | K35: 9000 | L35: =K35*2 -> 18000 | N35: =M35-I35 -> -7000 | O35: =M35 -> 0 | P35: =IF(O35>I35,O35-I35," ") | Q35: =IF(I35>O35,I35-O35," ") -> 7000 | R35: =IF(O35=0,,O35/I35) -> 0 | S35: =SUM(A35+B35+C35+D35+E35+F35+I35+J35+K35+L35+M35+O35) -> 71925
G36: 3111020402 | H36: فرع (2) غاز لسيارات الركوب | L36: =K36*2 -> 0 | N36: =M36-I36 -> 0 | O36: =M36 -> 0 | P36: =IF(O36>I36,O36-I36," ") | Q36: =IF(I36>O36,I36-O36," ") | R36: =IF(O36=0,,O36/I36) -> 0 | S36: =SUM(A36+B36+C36+D36+E36+F36+I36+J36+K36+L36+M36+O36) -> 0
A37: =SUM(A35:A36) -> 0 | B37: =SUM(B35:B36) -> 0 | C37: =SUM(C35:C36) -> 14000 | D37: =SUM(D35:D36) -> 1925 | E37: =SUM(E35:E36) -> 14000 | F37: =SUM(F35:F36) -> 0 | H37: جملة نوع ( 4 ) | I37: =SUM(I35:I36) -> 7000 | J37: =SUM(J35:J36) -> 8000 | K37: =SUM(K35:K36) -> 9000 | L37: =SUM(L35:L36) -> 18000 | M37: =SUM(M35:M36) -> 0 | N37: =M37-I37 -> -7000 | O37: =SUM(O35:O36) -> 0 | P37: =IF(O37>I37,O37-I37," ") | Q37: =IF(I37>O37,I37-O37," ") -> 7000 | R37: =IF(O37=0,,O37/I37) -> 0 | S37: =SUM(A37+B37+C37+D37+E37+F37+I37+J37+K37+L37+M37+O37) -> 71925
A38: =A37/A847 -> 0 | B38: =B37/B847 -> 0 | C38: =C37/C847 -> 0.00074396854 | D38: =D37/D847 -> 5.9996175e-05 | E38: =E37/E847 -> 0.00045427997 | F38: =F37/F847 -> #DIV/0! | H38: نسبة الى إيرادات النشاط | I38: =I37/I847 -> 0.00017756132 | J38: =J37/J847 -> 0.00017573534 | K38: =K37/K847 -> 0.00016476576 | L38: =L37/L847 -> 0.00016480045 | M38: =M37/M847 -> #DIV/0! | O38: =O37/O847 -> #DIV/0! | S38: 1
G39: 3111020501 | H39: نوع(5) أخرى | L39: =K39*2 -> 0 | N39: =M39-I39 -> 0 | O39: =M39 -> 0 | P39: =IF(O39>I39,O39-I39," ") | Q39: =IF(I39>O39,I39-O39," ") | R39: =IF(O39=0,,O39/I39) -> 0 | S39: =SUM(A39+B39+C39+D39+E39+F39+I39+J39+K39+L39+M39+O39) -> 0
A40: =A23+A27+A32+A37+A39 -> 215000 | B40: =B23+B27+B32+B37+B39 -> 195290 | C40: =C23+C27+C32+C37+C39 -> 302000 | D40: =D23+D27+D32+D37+D39 -> 299708 | E40: =E23+E27+E32+E37+E39 -> 509000 | F40: =F23+F27+F32+F37+F39 -> 0 | H40: جملة بند (2) وقود وزيوت | I40: =I23+I27+I32+I37+I39 -> 584000 | J40: =J23+J27+J32+J37+J39 -> 672000 | K40: =K23+K27+K32+K37+K39 -> 806000 | L40: =L23+L27+L32+L37+L39 -> 1612000 | M40: =M23+M27+M32+M37+M39 -> 0 | N40: =M40-I40 -> -584000 | O40: =O23+O27+O32+O37+O39 -> 0 | P40: =IF(O40>I40,O40-I40," ") | Q40: =IF(I40>O40,I40-O40," ") -> 584000 | R40: =IF(O40=0,,O40/I40) -> 0 | S40: =SUM(A40+B40+C40+D40+E40+F40+I40+J40+K40+L40+M40+O40) -> 5194998
A41: =A40/A847 -> 0.0097727273 | B41: =B40/B847 -> 0.0078026005 | C41: =C40/C847 -> 0.016048464 | D41: =D40/D847 -> 0.0093409525 | E41: =E40/E847 -> 0.016516322 | F41: =F40/F847 -> #DIV/0! | H41: نسبة الى إيرادات النشاط | I41: =I40/I847 -> 0.014813687 | J41: =J40/J847 -> 0.014761769 | K41: =K40/K847 -> 0.014755689 | L41: =L40/L847 -> 0.014758796 | M41: =M40/M847 -> #DIV/0! | N41: =N40/N847 -> 0.014813687 | O41: =O40/O847 -> #DIV/0! | S41: 1
G42: 3111030000 | H42: بند 3 قطع غيار ومهمات | P42: =IF(O42>I42,O42-I42," ") | Q42: =IF(I42>O42,I42-O42," ") | S42: =S45 -> 3333393
A43: 50000 | B43: 43600 | C43: 100000 | D43: 41228 | E43: 175000 | G43: 3111030101 | H43: نوع(1) قطع غيار ومواد للصيانة | I43: 192000 | J43: 222000 | K43: 266000 | L43: 265650 | N43: =M43-I43 -> -192000 | O43: =M43 -> 0 | P43: =IF(O43>I43,O43-I43," ") | Q43: =IF(I43>O43,I43-O43," ") -> 192000 | R43: =IF(O43=0,,O43/I43) -> 0 | S43: =SUM(A43+B43+C43+D43+E43+F43+I43+J43+K43+L43+M43+O43) -> 1355478
A44: 100000 | B44: 35632 | C44: 130000 | D44: 112783 | E44: 250000 | G44: 3111030201 | H44: نوع(2) مواد ومهمات متنوعة | I44: 275000 | J44: 316000 | K44: 379000 | L44: 379500 | N44: =M44-I44 -> -275000 | O44: =M44 -> 0 | P44: =IF(O44>I44,O44-I44," ") | Q44: =IF(I44>O44,I44-O44," ") -> 275000 | R44: =IF(O44=0,,O44/I44) -> 0 | S44: =SUM(A44+B44+C44+D44+E44+F44+I44+J44+K44+L44+M44+O44) -> 1977915
A45: =SUM(A43:A44) -> 150000 | B45: =SUM(B43:B44) -> 79232 | C45: =SUM(C43:C44) -> 230000 | D45: =SUM(D43:D44) -> 154011 | E45: =SUM(E43:E44) -> 425000 | F45: =SUM(F43:F44) -> 0 | H45: جملة بند (3) قطع غيار ومهمات | I45: =SUM(I43:I44) -> 467000 | J45: =SUM(J43:J44) -> 538000 | K45: =SUM(K43:K44) -> 645000 | L45: =SUM(L43:L44) -> 645150 | M45: =SUM(M43:M44) -> 0 | N45: =M45-I45 -> -467000 | O45: =SUM(O43:O44) -> 0 | P45: =IF(O45>I45,O45-I45," ") | Q45: =IF(I45>O45,I45-O45," ") -> 467000 | R45: =IF(O45=0,,O45/I45) -> 0 | S45: =SUM(A45+B45+C45+D45+E45+F45+I45+J45+K45+L45+M45+O45) -> 3333393
A46: =A45/A847 -> 0.0068181818 | B46: =B45/B847 -> 0.0031656288 | C46: =C45/C847 -> 0.01222234 | D46: =D45/D847 -> 0.0048000368 | E46: =E45/E847 -> 0.013790642 | F46: =F45/F847 -> #DIV/0! | H46: نسبة الى إيرادات النشاط | I46: =I45/I847 -> 0.011845877 | J46: =J45/J847 -> 0.011818202 | K46: =K45/K847 -> 0.011808213 | L46: =L45/L847 -> 0.0059067229 | M46: =M45/M847 -> #DIV/0! | O46: =O45/O847 -> #DIV/0! | S46: 1
G47: 3111040000 | H47: بند 4 مواد تعبئة وتغليف | P47: =IF(O47>I47,O47-I47," ") | Q47: =IF(I47>O47,I47-O47," ") | S47: =S50 -> 0
G48: 3111040101 | H48: نوع(1) مواد تعبئة وتغليف مستهلكة | L48: =K48*2 -> 0 | N48: =M48-I48 -> 0 | O48: =M48 -> 0 | P48: =IF(O48>I48,O48-I48," ") | Q48: =IF(I48>O48,I48-O48," ") | R48: =IF(O48=0,,O48/I48) -> 0 | S48: =SUM(A48+B48+C48+D48+E48+F48+I48+J48+K48+L48+M48+O48) -> 0
G49: 3111040201 | H49: نوع(2) مواد تعبئة وتغليف متداولة | L49: =K49*2 -> 0 | N49: =M49-I49 -> 0 | O49: =M49 -> 0 | P49: =IF(O49>I49,O49-I49," ") | Q49: =IF(I49>O49,I49-O49," ") | R49: =IF(O49=0,,O49/I49) -> 0 | S49: =SUM(A49+B49+C49+D49+E49+F49+I49+J49+K49+L49+M49+O49) -> 0
A50: =SUM(A48:A49) -> 0 | B50: =SUM(B48:B49) -> 0 | C50: =SUM(C48:C49) -> 0 | D50: =SUM(D48:D49) -> 0 | E50: =SUM(E48:E49) -> 0 | F50: =SUM(F48:F49) -> 0 | H50: جملة بند (4) مواد تعبئة وتغليف | I50: =SUM(I48:I49) -> 0 | J50: =SUM(J48:J49) -> 0 | K50: =SUM(K48:K49) -> 0 | L50: =SUM(L48:L49) -> 0 | M50: =SUM(M48:M49) -> 0 | N50: =M50-I50 -> 0 | O50: =SUM(O48:O49) -> 0 | P50: =IF(O50>I50,O50-I50," ") | Q50: =IF(I50>O50,I50-O50," ") | R50: =IF(O50=0,,O50/I50) -> 0 | S50: =SUM(A50+B50+C50+D50+E50+F50+I50+J50+K50+L50+M50+O50) -> 0
A51: =A50/A847 -> 0 | B51: =B50/B847 -> 0 | C51: =C50/C847 -> 0 | D51: =D50/D847 -> 0 | E51: =E50/E847 -> 0 | F51: =F50/F847 -> #DIV/0! | H51: نسبة الى إيرادات النشاط | I51: =I50/I847 -> 0 | J51: =J50/J847 -> 0 | K51: =K50/K847 -> 0 | L51: =L50/L847 -> 0 | M51: =M50/M847 -> #DIV/0! | O51: =O50/O847 -> #DIV/0! | S51: 1
G52: 3111050000 | H52: بند 5 كهرباء ومياه | P52: =IF(O52>I52,O52-I52," ") | Q52: =IF(I52>O52,I52-O52," ") | S52: =S58 -> 3615855
G53: 3111050100 | H53: نوع (1) كهرباء | P53: =IF(O53>I53,O53-I53," ") | Q53: =IF(I53>O53,I53-O53," ") | S53: =S56 -> 3023622
G54: 3111050101 | H54: فرع (1) كهرباء تشغيل | L54: =K54*2 -> 0 | N54: =M54-I54 -> 0 | O54: =M54 -> 0 | P54: =IF(O54>I54,O54-I54," ") | Q54: =IF(I54>O54,I54-O54," ") | R54: =IF(O54=0,,O54/I54) -> 0 | S54: =SUM(A54+B54+C54+D54+E54+F54+I54+J54+K54+L54+M54+O54) -> 0
A55: 190000 | B55: 178813 | C55: 348000 | D55: 79545 | E55: 348000 | G55: 3111050102 | H55: فرع (2) كهرباء إنارة | I55: 383000 | J55: 440000 | K55: 528000 | L55: 528264 | N55: =M55-I55 -> -383000 | O55: =M55 -> 0 | P55: =IF(O55>I55,O55-I55," ") | Q55: =IF(I55>O55,I55-O55," ") -> 383000 | R55: =IF(O55=0,,O55/I55) -> 0 | S55: =SUM(A55+B55+C55+D55+E55+F55+I55+J55+K55+L55+M55+O55) -> 3023622
A56: =SUM(A54:A55) -> 190000 | B56: =SUM(B54:B55) -> 178813 | C56: =SUM(C54:C55) -> 348000 | D56: =SUM(D54:D55) -> 79545 | E56: =SUM(E54:E55) -> 348000 | F56: =SUM(F54:F55) -> 0 | H56: جملة نوع ( 1 ) | I56: =SUM(I54:I55) -> 383000 | J56: =SUM(J54:J55) -> 440000 | K56: =SUM(K54:K55) -> 528000 | L56: =SUM(L54:L55) -> 528264 | M56: =SUM(M54:M55) -> 0 | N56: =M56-I56 -> -383000 | O56: =SUM(O54:O55) -> 0 | P56: =IF(O56>I56,O56-I56," ") | Q56: =IF(I56>O56,I56-O56," ") -> 383000 | R56: =IF(O56=0,,O56/I56) -> 0 | S56: =SUM(A56+B56+C56+D56+E56+F56+I56+J56+K56+L56+M56+O56) -> 3023622
A57: 40000 | B57: 10206 | C57: 60000 | D57: 7027 | E57: 60000 | G57: 3111050201 | H57: نوع (2) مياه | I57: 66000 | J57: 76000 | K57: 91000 | L57: =K57*2 -> 182000 | N57: =M57-I57 -> -66000 | O57: =M57 -> 0 | P57: =IF(O57>I57,O57-I57," ") | Q57: =IF(I57>O57,I57-O57," ") -> 66000 | R57: =IF(O57=0,,O57/I57) -> 0 | S57: =SUM(A57+B57+C57+D57+E57+F57+I57+J57+K57+L57+M57+O57) -> 592233
A58: =SUM(A56:A57) -> 230000 | B58: =SUM(B56:B57) -> 189019 | C58: =SUM(C56:C57) -> 408000 | D58: =SUM(D56:D57) -> 86572 | E58: =SUM(E56:E57) -> 408000 | F58: =SUM(F56:F57) -> 0 | H58: جملة بند (5) كهرباء ومياه | I58: =SUM(I56:I57) -> 449000 | J58: =SUM(J56:J57) -> 516000 | K58: =SUM(K56:K57) -> 619000 | L58: =SUM(L56:L57) -> 710264 | M58: =SUM(M56:M57) -> 0 | N58: =M58-I58 -> -449000 | O58: =SUM(O56:O57) -> 0 | P58: =IF(O58>I58,O58-I58," ") | Q58: =IF(I58>O58,I58-O58," ") -> 449000 | R58: =IF(O58=0,,O58/I58) -> 0 | S58: =SUM(A58+B58+C58+D58+E58+F58+I58+J58+K58+L58+M58+O58) -> 3615855
A59: =A58/A847 -> 0.010454545 | B59: =B58/B847 -> 0.0075520495 | C59: =C58/C847 -> 0.021681369 | D59: =D58/D847 -> 0.002698176 | E59: =E58/E847 -> 0.013239016 | F59: =F58/F847 -> #DIV/0! | H59: نسبة الى إيرادات النشاط | I59: =I58/I847 -> 0.011389291 | J59: =J58/J847 -> 0.01133493 | K59: =K58/K847 -> 0.011332223 | L59: =L58/L847 -> 0.0065028794 | M59: =M58/M847 -> #DIV/0! | O59: =O58/O847 -> #DIV/0! | S59: 1
G60: 3111060000 | H60: بند 6 ادوات كتابية و كتب | P60: =IF(O60>I60,O60-I60," ") | Q60: =IF(I60>O60,I60-O60," ") | S60: =S65 -> 2754969
A61: 120000 | C61: 150000 | D61: 56171 | E61: 150000 | G61: 3111060101 | H61: نوع (1) ادوات كتابية و كتب | I61: 165000 | J61: 190000 | K61: 228000 | L61: =K61*2 -> 456000 | N61: =M61-I61 -> -165000 | O61: =M61 -> 0 | P61: =IF(O61>I61,O61-I61," ") | Q61: =IF(I61>O61,I61-O61," ") -> 165000 | R61: =IF(O61=0,,O61/I61) -> 0 | S61: =SUM(A61+B61+C61+D61+E61+F61+I61+J61+K61+L61+M61+O61) -> 1515171
A62: 5000 | C62: 5000 | E62: 5000 | G62: 3111060201 | H62: نوع(2) كتب ومجلات ووثائق أخرى للمكتبات | I62: 6000 | J62: 6000 | K62: 7000 | L62: =K62*2 -> 14000 | N62: =M62-I62 -> -6000 | O62: =M62 -> 0 | P62: =IF(O62>I62,O62-I62," ") | Q62: =IF(I62>O62,I62-O62," ") -> 6000 | R62: =IF(O62=0,,O62/I62) -> 0 | S62: =SUM(A62+B62+C62+D62+E62+F62+I62+J62+K62+L62+M62+O62) -> 48000
G63: 3111060301 | H63: نوع(3) كراسات ودفاتر | I63: 0 | J63: 0 | K63: 0 | L63: =K63*2 -> 0 | N63: =M63-I63 -> 0 | O63: =M63 -> 0 | P63: =IF(O63>I63,O63-I63," ") | Q63: =IF(I63>O63,I63-O63," ") | R63: =IF(O63=0,,O63/I63) -> 0 | S63: =SUM(A63+B63+C63+D63+E63+F63+I63+J63+K63+L63+M63+O63) -> 0
A64: 55000 | B64: 54111 | C64: 75000 | D64: 72687 | E64: 75000 | G64: 3111060401 | H64: نوع(4) مطبوعات أخرى | I64: 130000 | J64: 160000 | K64: 190000 | L64: =K64*2 -> 380000 | N64: =M64-I64 -> -130000 | O64: =M64 -> 0 | P64: =IF(O64>I64,O64-I64," ") | Q64: =IF(I64>O64,I64-O64," ") -> 130000 | R64: =IF(O64=0,,O64/I64) -> 0 | S64: =SUM(A64+B64+C64+D64+E64+F64+I64+J64+K64+L64+M64+O64) -> 1191798
A65: =SUM(A61:A64) -> 180000 | B65: =SUM(B61:B64) -> 54111 | C65: =SUM(C61:C64) -> 230000 | D65: =SUM(D61:D64) -> 128858 | E65: =SUM(E61:E64) -> 230000 | F65: =SUM(F61:F64) -> 0 | H65: جملة بند (6) ادوات كتابية و كتب | I65: =SUM(I61:I64) -> 301000 | J65: =SUM(J61:J64) -> 356000 | K65: =SUM(K61:K64) -> 425000 | L65: =SUM(L61:L64) -> 850000 | M65: =SUM(M61:M64) -> 0 | N65: =M65-I65 -> -301000 | O65: =SUM(O61:O64) -> 0 | P65: =IF(O65>I65,O65-I65," ") | Q65: =IF(I65>O65,I65-O65," ") -> 301000 | R65: =IF(O65=0,,O65/I65) -> 0 | S65: =SUM(A65+B65+C65+D65+E65+F65+I65+J65+K65+L65+M65+O65) -> 2754969
A66: =A65/A847 -> 0.0081818182 | B66: =B65/B847 -> 0.0021619464 | C66: =C65/C847 -> 0.01222234 | D66: =D65/D847 -> 0.0040160972 | E66: =E65/E847 -> 0.0074631709 | F66: =F65/F847 -> #DIV/0! | H66: نسبة الى إيرادات النشاط | I66: =I65/I847 -> 0.0076351368 | J66: =J65/J847 -> 0.0078202227 | K66: =K65/K847 -> 0.0077806052 | L66: =L65/L847 -> 0.0077822437 | M66: =M65/M847 -> #DIV/0! | O66: =O65/$O$845 -> #DIV/0! | S66: 1
G67: 3111980101 | H67: اعتماد اجمالى على مستوى مجموعة (1) خامات ومواد ووقود وقطع غيار | L67: =K67*2 -> 0 | N67: =M67-I67 -> 0 | O67: =M67 -> 0 | P67: =IF(O67>I67,O67-I67," ") | Q67: =IF(I67>O67,I67-O67," ") | R67: =IF(O67=0,,O67/I67) -> 0 | S67: =SUM(A67+B67+C67+D67+E67+F67+I67+J67+K67+L67+M67+O67) -> 0
A68: =A67+A65+A58+A50+A45+A40+A21 -> 775000 | B68: =B67+B65+B58+B50+B45+B40+B21 -> 517652 | C68: =C67+C65+C58+C50+C45+C40+C21 -> 1170000 | D68: =D67+D65+D58+D50+D45+D40+D21 -> 669149 | E68: =E67+E65+E58+E50+E45+E40+E21 -> 1572000 | F68: =F67+F65+F58+F50+F45+F40+F21 -> 0 | H68: جملة مجموعة (1) خامات ومواد ووقود وقطع غيار | I68: =I67+I65+I58+I50+I45+I40+I21 -> 1801000 | J68: =J67+J65+J58+J50+J45+J40+J21 -> 2082000 | K68: =K67+K65+K58+K50+K45+K40+K21 -> 2495000 | L68: =L67+L65+L58+L50+L45+L40+L21 -> 3817414 | M68: =M67+M65+M58+M50+M45+M40+M21 -> 0 | N68: =M68-I68 -> -1801000 | O68: =O67+O65+O58+O50+O45+O40+O21 -> 0 | P68: =IF(O68>I68,O68-I68," ") | Q68: =IF(I68>O68,I68-O68," ") -> 1801000 | R68: =IF(O68=0,,O68/I68) -> 0 | S68: =SUM(A68+B68+C68+D68+E68+F68+I68+J68+K68+L68+M68+O68) -> 14899215
G69: 3111990101 | H69: المستبعد | L69: =K69*2 -> 0 | N69: =M69-I69 -> 0 | O69: =M69 -> 0 | P69: =IF(O69>I69,O69-I69," ") | Q69: =IF(I69>O69,I69-O69," ") | R69: =IF(O69=0,,O69/I69) -> 0 | S69: =SUM(A69+B69+C69+D69+E69+F69+I69+J69+K69+L69+M69+O69) -> 0
A70: =A68-A69 -> 775000 | B70: =B68-B69 -> 517652 | C70: =C68-C69 -> 1170000 | D70: =D68-D69 -> 669149 | E70: =E68-E69 -> 1572000 | F70: =F68-F69 -> 0 | H70: صافى مجموعة ( 1 ) خامات ومواد ووقود وقطع غيار | I70: =I68-I69 -> 1801000 | J70: =J68-J69 -> 2082000 | K70: =K68-K69 -> 2495000 | L70: =L68-L69 -> 3817414 | M70: =M68-M69 -> 0 | N70: =M70-I70 -> -1801000 | O70: =O68-O69 -> 0 | P70: =IF(O70>I70,O70-I70," ") | Q70: =IF(I70>O70,I70-O70," ") -> 1801000 | R70: =IF(O70=0,,O70/I70) -> 0 | S70: =SUM(A70+B70+C70+D70+E70+F70+I70+J70+K70+L70+M70+O70) -> 14899215
A71: =(A70-#REF!)/#REF! -> #REF! | B71: =(B70-#REF!)/#REF! -> #REF! | C71: =(C70-A70)/A70 -> 0.50967742 | D71: =(D70-B70)/B70 -> 0.29266187 | E71: =(E70-C70)/C70 -> 0.34358974 | F71: =(F70-D70)/D70 -> -1 | H71: نسبة التطور | I71: =(I70-F70)/F70 -> #DIV/0! | J71: =(J70-G70)/G70 -> #DIV/0! | K71: =(K70-H70)/H70 -> #VALUE! | L71: =(L70-I70)/I70 -> 1.119608 | M71: =(M70-J70)/J70 -> -1 | O71: =(O70-J70)/J70 -> -1 | S71: 1
G72: 3112000000 | H72: مجموعة (2) الأجـــــــــــــــــــور | L72: =K72*2 -> 0 | P72: =IF(O72>I72,O72-I72," ") | Q72: =IF(I72>O72,I72-O72," ") | S72: =S191 -> 205021680
G73: 3112010000 | H73: بند 1 - أجـــور نقدية | L73: =K73*2 -> 0 | P73: =IF(O73>I73,O73-I73," ") | Q73: =IF(I73>O73,I73-O73," ") | S73: =S164 -> 143690850
G74: 3112010100 | H74: نوع(1) الوظائف الدائمة | L74: =K74*2 -> 0 | P74: =IF(O74>I74,O74-I74," ") | Q74: =IF(I74>O74,I74-O74," ") | S74: =S78 -> 11054489
A75: 769000 | B75: 753200 | C75: 789000 | D75: 718289 | E75: 850000 | G75: 3112010101 | H75: فرع (1) أجور أساسية | I75: 1171000 | J75: 1348000 | K75: 1552000 | L75: =K75*2 -> 3104000 | N75: =M75-I75 -> -1171000 | O75: =M75 -> 0 | P75: =IF(O75>I75,O75-I75," ") | Q75: =IF(I75>O75,I75-O75," ") -> 1171000 | R75: =IF(O75=0,,O75/I75) -> 0 | S75: =SUM(A75+B75+C75+D75+E75+F75+I75+J75+K75+L75+M75+O75) -> 11054489
G76: 3112010102 | H76: فرع (2) الأجر الوظيفي | L76: =K76*2 -> 0 | N76: =M76-I76 -> 0 | O76: =M76 -> 0 | P76: =IF(O76>I76,O76-I76," ") | Q76: =IF(I76>O76,I76-O76," ") | R76: =IF(O76=0,,O76/I76) -> 0 | S76: =SUM(A76+B76+C76+D76+E76+F76+I76+J76+K76+L76+M76+O76) -> 0
G77: 3112010103 | H77: فرع (3) تكاليف وأجور ومرتبات المخاطبين بأحكام القانون رقم 28 لسنة 2018 | L77: =K77*2 -> 0 | N77: =M77-I77 -> 0 | O77: =M77 -> 0 | P77: =IF(O77>I77,O77-I77," ") | Q77: =IF(I77>O77,I77-O77," ") | R77: =IF(O77=0,,O77/I77) -> 0 | S77: =SUM(A77+B77+C77+D77+E77+F77+I77+J77+K77+L77+M77+O77) -> 0
A78: =SUM(A75:A77) -> 769000 | B78: =SUM(B75:B77) -> 753200 | C78: =SUM(C75:C77) -> 789000 | D78: =SUM(D75:D77) -> 718289 | E78: =SUM(E75:E77) -> 850000 | F78: =SUM(F75:F77) -> 0 | H78: جملة نوع ( 1 ) | I78: =SUM(I75:I77) -> 1171000 | J78: =SUM(J75:J77) -> 1348000 | K78: =SUM(K75:K77) -> 1552000 | L78: =SUM(L75:L77) -> 3104000 | M78: =SUM(M75:M77) -> 0 | N78: =M78-I78 -> -1171000 | O78: =SUM(O75:O77) -> 0 | P78: =IF(O78>I78,O78-I78," ") | Q78: =IF(I78>O78,I78-O78," ") -> 1171000 | R78: =IF(O78=0,,O78/I78) -> 0 | S78: =SUM(A78+B78+C78+D78+E78+F78+I78+J78+K78+L78+M78+O78) -> 11054489
G79: 3112010200 | H79: نوع(2)المكافأت الشاملة | L79: =K79*2 -> 0 | P79: =IF(O79>I79,O79-I79," ") | Q79: =IF(I79>O79,I79-O79," ") | S79: =S85 -> 38427378
G80: 3112010201 | H80: فرع (1) مكافآت الخبراء الوطنيين | L80: =K80*2 -> 0 | N80: =M80-I80 -> 0 | O80: =M80 -> 0 | P80: =IF(O80>I80,O80-I80," ") | Q80: =IF(I80>O80,I80-O80," ") | R80: =IF(O80=0,,O80/I80) -> 0 | S80: =SUM(A80+B80+C80+D80+E80+F80+I80+J80+K80+L80+M80+O80) -> 0
G81: 3112010202 | H81: فرع (2) مكافآت الخبراء الأجانب | L81: =K81*2 -> 0 | N81: =M81-I81 -> 0 | O81: =M81 -> 0 | P81: =IF(O81>I81,O81-I81," ") | Q81: =IF(I81>O81,I81-O81," ") | R81: =IF(O81=0,,O81/I81) -> 0 | S81: =SUM(A81+B81+C81+D81+E81+F81+I81+J81+K81+L81+M81+O81) -> 0
A82: 720000 | B82: 633633 | C82: 675000 | D82: 959831 | E82: 1090000 | G82: 3112010203 | H82: فرع (3) المعينون بمكافآت شاملة | I82: 1476000 | J82: 1624000 | K82: 1786000 | L82: =K82*2 -> 3572000 | N82: =M82-I82 -> -1476000 | O82: =M82 -> 0 | P82: =IF(O82>I82,O82-I82," ") | Q82: =IF(I82>O82,I82-O82," ") -> 1476000 | R82: =IF(O82=0,,O82/I82) -> 0 | S82: =SUM(A82+B82+C82+D82+E82+F82+I82+J82+K82+L82+M82+O82) -> 12536464
A83: 1914000 | B83: 1878701 | C83: 1790000 | D83: 1842213 | E83: 2463000 | G83: 3112010204 | H83: فرع (4) أجور الموسميين والعمالة العرضية | I83: 2938000 | J83: 3075000 | K83: 3330000 | L83: =K83*2 -> 6660000 | N83: =M83-I83 -> -2938000 | O83: =M83 -> 0 | P83: =IF(O83>I83,O83-I83," ") | Q83: =IF(I83>O83,I83-O83," ") -> 2938000 | R83: =IF(O83=0,,O83/I83) -> 0 | S83: =SUM(A83+B83+C83+D83+E83+F83+I83+J83+K83+L83+M83+O83) -> 25890914
G84: 3112010205 | H84: فرع (5) مكافآت الصبية | L84: =K84*2 -> 0 | N84: =M84-I84 -> 0 | O84: =M84 -> 0 | P84: =IF(O84>I84,O84-I84," ") | Q84: =IF(I84>O84,I84-O84," ") | R84: =IF(O84=0,,O84/I84) -> 0 | S84: =SUM(A84+B84+C84+D84+E84+F84+I84+J84+K84+L84+M84+O84) -> 0
A85: =SUM(A80:A84) -> 2634000 | B85: =SUM(B80:B84) -> 2512334 | C85: =SUM(C80:C84) -> 2465000 | D85: =SUM(D80:D84) -> 2802044 | E85: =SUM(E80:E84) -> 3553000 | F85: =SUM(F80:F84) -> 0 | H85: جملة نوع ( 2 ) | I85: =SUM(I80:I84) -> 4414000 | J85: =SUM(J80:J84) -> 4699000 | K85: =SUM(K80:K84) -> 5116000 | L85: =SUM(L80:L84) -> 10232000 | M85: =SUM(M80:M84) -> 0 | N85: =M85-I85 -> -4414000 | O85: =SUM(O80:O84) -> 0 | P85: =IF(O85>I85,O85-I85," ") | Q85: =IF(I85>O85,I85-O85," ") -> 4414000 | R85: =IF(O85=0,,O85/I85) -> 0 | S85: =SUM(A85+B85+C85+D85+E85+F85+I85+J85+K85+L85+M85+O85) -> 38427378
A86: =A85/A845 -> #DIV/0! | B86: =B85/B845 -> #DIV/0! | C86: =C85/C845 -> #DIV/0! | D86: =D85/D845 -> #DIV/0! | E86: =E85/E845 -> #DIV/0! | F86: =F85/F845 -> #DIV/0! | H86: نسبة الى مبيعات الإنتاج التام | I86: =I85/I845 -> #DIV/0! | J86: =J85/J845 -> #DIV/0! | K86: =K85/K845 -> #DIV/0! | L86: =L85/$L$845 -> #DIV/0! | M86: =M85/M845 -> #DIV/0! | O86: =O85/$O$845 -> #DIV/0! | S86: 1
A87: =A85/A847 -> 0.11972727 | B87: =B85/B847 -> 0.10037758 | C87: =C85/C847 -> 0.1309916 | D87: =D85/D847 -> 0.087330868 | E87: =E85/E847 -> 0.11528977 | F87: =F85/F847 -> #DIV/0! | H87: نسبة الى إيرادات النشاط | I87: =I85/I847 -> 0.1119651 | J87: =J85/J847 -> 0.10322255 | K87: =K85/K847 -> 0.09366018 | L87: =L85/L847 -> 0.093679903 | M87: =M85/M847 -> #DIV/0! | O87: =O85/O847 -> #DIV/0! | S87: 1
A88: 189000 | B88: 172350 | C88: 216000 | D88: 160762 | E88: 300000 | G88: 3112010301 | H88: نوع (3) تكاليف المعارين وتتحمل الهيئة / الشركة بمرتباتهم | I88: 300000 | J88: 300000 | K88: 300000 | L88: =K88*2 -> 600000 | N88: =M88-I88 -> -300000 | O88: =M88 -> 0 | P88: =IF(O88>I88,O88-I88," ") | Q88: =IF(I88>O88,I88-O88," ") -> 300000 | R88: =IF(O88=0,,O88/I88) -> 0 | S88: =SUM(A88+B88+C88+D88+E88+F88+I88+J88+K88+L88+M88+O88) -> 2538112
G89: 3112010401 | H89: نوع (4) تكاليف الأجازات الدراسية و المنح التدريبية | L89: =K89*2 -> 0 | N89: =M89-I89 -> 0 | O89: =M89 -> 0 | P89: =IF(O89>I89,O89-I89," ") | Q89: =IF(I89>O89,I89-O89," ") | R89: =IF(O89=0,,O89/I89) -> 0 | S89: =SUM(A89+B89+C89+D89+E89+F89+I89+J89+K89+L89+M89+O89) -> 0
G90: 3112010500 | H90: نوع (5) المكافآت | P90: =IF(O90>I90,O90-I90," ") | Q90: =IF(I90>O90,I90-O90," ") | S90: =S108 -> 85240499
A91: 1518000 | B91: 1114802 | C91: 1736000 | D91: 822068 | E91: 1600000 | G91: 3112010501 | H91: فرع (1) تعويض العاملين عن جهود غير عادية | I91: 1550000 | J91: 1550000 | K91: 1550000 | L91: 1550000 | N91: =M91-I91 -> -1550000 | O91: =M91 -> 0 | P91: =IF(O91>I91,O91-I91," ") | Q91: =IF(I91>O91,I91-O91," ") -> 1550000 | R91: =IF(O91=0,,O91/I91) -> 0 | S91: =SUM(A91+B91+C91+D91+E91+F91+I91+J91+K91+L91+M91+O91) -> 12990870
A92: 919000 | B92: 610929 | C92: 1068000 | D92: 522412 | E92: 980000 | G92: 3112010502 | H92: فرع (2) مكافآت عن أعمال إضافية | I92: 927000 | J92: 927000 | K92: 927000 | L92: 927000 | N92: =M92-I92 -> -927000 | O92: =M92 -> 0 | P92: =IF(O92>I92,O92-I92," ") | Q92: =IF(I92>O92,I92-O92," ") -> 927000 | R92: =IF(O92=0,,O92/I92) -> 0 | S92: =SUM(A92+B92+C92+D92+E92+F92+I92+J92+K92+L92+M92+O92) -> 7808341
G93: 3112010503 | H93: فرع (3) مكافآت طوارئ للعسكريين أو المجندين | I93: 0 | J93: 0 | K93: 0 | L93: =K93*2 -> 0 | N93: =M93-I93 -> 0 | O93: =M93 -> 0 | P93: =IF(O93>I93,O93-I93," ") | Q93: =IF(I93>O93,I93-O93," ") | R93: =IF(O93=0,,O93/I93) -> 0 | S93: =SUM(A93+B93+C93+D93+E93+F93+I93+J93+K93+L93+M93+O93) -> 0
A94: 1176000 | B94: 1174027 | C94: 1368000 | D94: 1310260 | E94: 2100000 | G94: 3112010504 | H94: فرع (4) مكافآت إنتاجية و تشجيعية | I94: 2810000 | J94: 2810000 | K94: 2810000 | L94: =K94*2 -> 5620000 | N94: =M94-I94 -> -2810000 | O94: =M94 -> 0 | P94: =IF(O94>I94,O94-I94," ") | Q94: =IF(I94>O94,I94-O94," ") -> 2810000 | R94: =IF(O94=0,,O94/I94) -> 0 | S94: =SUM(A94+B94+C94+D94+E94+F94+I94+J94+K94+L94+M94+O94) -> 21178287
A95: 1578000 | B95: 1091871 | C95: 1758000 | D95: 1123286 | E95: 1695000 | G95: 3112010505 | H95: فرع (5) حوافز للعاملين | I95: 1893000 | J95: 1893000 | K95: 1893000 | L95: =K95*2 -> 3786000 | N95: =M95-I95 -> -1893000 | O95: =M95 -> 0 | P95: =IF(O95>I95,O95-I95," ") | Q95: =IF(I95>O95,I95-O95," ") -> 1893000 | R95: =IF(O95=0,,O95/I95) -> 0 | S95: =SUM(A95+B95+C95+D95+E95+F95+I95+J95+K95+L95+M95+O95) -> 16711157
A96: 660000 | B96: 308607 | C96: 660000 | D96: 342190 | E96: 660000 | G96: 3112010506 | H96: فرع (6) مكافآت حضور جلسات و لجان | I96: 660000 | J96: 660000 | K96: 660000 | L96: =K96*2 -> 1320000 | N96: =M96-I96 -> -660000 | O96: =M96 -> 0 | P96: =IF(O96>I96,O96-I96," ") | Q96: =IF(I96>O96,I96-O96," ") -> 660000 | R96: =IF(O96=0,,O96/I96) -> 0 | S96: =SUM(A96+B96+C96+D96+E96+F96+I96+J96+K96+L96+M96+O96) -> 5930797
G97: 3112010507 | H97: فرع (7) مكافآت تدريس و إشراف و امتحانات | I97: 0 | J97: 0 | K97: 0 | L97: =K97*2 -> 0 | N97: =M97-I97 -> 0 | O97: =M97 -> 0 | P97: =IF(O97>I97,O97-I97," ") | Q97: =IF(I97>O97,I97-O97," ") | R97: =IF(O97=0,,O97/I97) -> 0 | S97: =SUM(A97+B97+C97+D97+E97+F97+I97+J97+K97+L97+M97+O97) -> 0
G98: 3112010508 | H98: فرع (8) مكافآت تدريب | I98: 0 | J98: 0 | K98: 0 | L98: =K98*2 -> 0 | N98: =M98-I98 -> 0 | O98: =M98 -> 0 | P98: =IF(O98>I98,O98-I98," ") | Q98: =IF(I98>O98,I98-O98," ") | R98: =IF(O98=0,,O98/I98) -> 0 | S98: =SUM(A98+B98+C98+D98+E98+F98+I98+J98+K98+L98+M98+O98) -> 0
G99: 3112010509 | H99: فرع (9) مكافآت محو الأمية | I99: 0 | J99: 0 | K99: 0 | L99: =K99*2 -> 0 | N99: =M99-I99 -> 0 | O99: =M99 -> 0 | P99: =IF(O99>I99,O99-I99," ") | Q99: =IF(I99>O99,I99-O99," ") | R99: =IF(O99=0,,O99/I99) -> 0 | S99: =SUM(A99+B99+C99+D99+E99+F99+I99+J99+K99+L99+M99+O99) -> 0
A100: 200000 | B100: 191304 | C100: 200000 | D100: 103105 | E100: 200000 | G100: 3112010510 | H100: فرع (10) مكافآت عن أعمال أخري | I100: 200000 | J100: 200000 | K100: 200000 | L100: =K100*2 -> 400000 | N100: =M100-I100 -> -200000 | O100: =M100 -> 0 | P100: =IF(O100>I100,O100-I100," ") | Q100: =IF(I100>O100,I100-O100," ") -> 200000 | R100: =IF(O100=0,,O100/I100) -> 0 | S100: =SUM(A100+B100+C100+D100+E100+F100+I100+J100+K100+L100+M100+O100) -> 1894409
...

Sheet موازنة 2026-2027
A1: ='الاطار الموازنى راي الجهه عام'!A1:R1 -> مشروع موازنة السنة المالية 2026/ 2027
D2: ='الاطار الموازنى راي الجهه عام'!D2:O2 -> جهاز تنمية شبه جزيرة سيناء | P2: " القيمة بالجنيه "
A3: ='الاطار الموازنى راي الجهه عام'!A3:B3 -> موازنة السنة المالية 2022/ 2023 | C3: ='الاطار الموازنى راي الجهه عام'!C3:D3 -> موازنة السنة المالية 2023/ 2024 | E3: ='الاطار الموازنى راي الجهه عام'!E3:F3 -> موازنة السنة المالية 2024/ 2025 | G3: الكود الاقتصادى | H3: البيان | I3: موازنة السنة المالية 2025/ 2026 | M3: مقترح الجهه | N3: الزيادة في راي الجهة | O3: موازنة العام المالى 2026/ 2027 | P3: التغير | R3: النسبة
A4: ربط | B4: ختامي | C4: ربط | D4: ختامي | E4: ربط | F4: ختامي | I4: ربط 2025/ 2026 | J4: ربط معدل ديسمبر2025 | K4: فعلى ديسمبر2025 | L4: المتوقع | P4: الزيادة | Q4: الخفض
G5: 3110000000 | H5: التكاليف و المصروفات | S5: =S437 -> 252751683
G6: 3111000000 | H6: مجموعة (1) خامات ومواد ووقود وقطع غيار | S6: =S70 -> 11803801
G7: 3111010000 | H7: بند 1 - خامات ومدخلات انتاج | S7: =S21 -> 0
G8: 3111010100 | H8: نوع(1) خامات | S8: =S12 -> 0
A9: ='الاطار الموازنى راي الجهه عام'!A9 -> 0 | B9: ='الاطار الموازنى راي الجهه عام'!B9 -> 0 | C9: ='الاطار الموازنى راي الجهه عام'!C9 -> 0 | D9: ='الاطار الموازنى راي الجهه عام'!D9 -> 0 | E9: ='الاطار الموازنى راي الجهه عام'!E9 -> 0 | F9: ='الاطار الموازنى راي الجهه عام'!F9 -> 0 | G9: 3111010101 | H9: فرع (1) خامات رئيسية | L9: =K9*2 -> 0 | M9: ='الاطار الموازنى راي الجهه عام'!I9 -> 0 | N9: =M9-I9 -> 0 | P9: =IF(O9>I9,O9-I9," ") | Q9: =IF(I9>O9,I9-O9," ") | R9: =IF(O9=0,,O9/I9) -> 0 | S9: =SUM(A9+B9+C9+D9+E9+F9+I9+J9+K9+L9+M9+O9) -> 0
A10: ='الاطار الموازنى راي الجهه عام'!A10 -> 0 | B10: ='الاطار الموازنى راي الجهه عام'!B10 -> 0 | C10: ='الاطار الموازنى راي الجهه عام'!C10 -> 0 | D10: ='الاطار الموازنى راي الجهه عام'!D10 -> 0 | E10: ='الاطار الموازنى راي الجهه عام'!E10 -> 0 | F10: ='الاطار الموازنى راي الجهه عام'!F10 -> 0 | G10: 3111010102 | H10: فرع (2) خامات مساعدة | L10: =K10*2 -> 0 | M10: ='الاطار الموازنى راي الجهه عام'!I10 -> 0 | N10: =M10-I10 -> 0 | P10: =IF(O10>I10,O10-I10," ") | Q10: =IF(I10>O10,I10-O10," ") | R10: =IF(O10=0,,O10/I10) -> 0 | S10: =SUM(A10+B10+C10+D10+E10+F10+I10+J10+K10+L10+M10+O10) -> 0
A11: ='الاطار الموازنى راي الجهه عام'!A11 -> 0 | B11: ='الاطار الموازنى راي الجهه عام'!B11 -> 0 | C11: ='الاطار الموازنى راي الجهه عام'!C11 -> 0 | D11: ='الاطار الموازنى راي الجهه عام'!D11 -> 0 | E11: ='الاطار الموازنى راي الجهه عام'!E11 -> 0 | F11: ='الاطار الموازنى راي الجهه عام'!F11 -> 0 | G11: 3111010103 | H11: فرع (3) أخرى | L11: =K11*2 -> 0 | M11: ='الاطار الموازنى راي الجهه عام'!I11 -> 0 | N11: =M11-I11 -> 0 | P11: =IF(O11>I11,O11-I11," ") | Q11: =IF(I11>O11,I11-O11," ") | R11: =IF(O11=0,,O11/I11) -> 0 | S11: =SUM(A11+B11+C11+D11+E11+F11+I11+J11+K11+L11+M11+O11) -> 0
A12: =SUM(A9:A11) -> 0 | B12: =SUM(B9:B11) -> 0 | C12: =SUM(C9:C11) -> 0 | D12: =SUM(D9:D11) -> 0 | E12: =SUM(E9:E11) -> 0 | F12: ='الاطار الموازنى راي الجهه عام'!F12 -> 0 | H12: جملة نوع ( 1 ) | I12: =SUM(I9:I11) -> 0 | J12: =SUM(J9:J11) -> 0 | K12: =SUM(K9:K11) -> 0 | L12: =SUM(L9:L11) -> 0 | M12: ='الاطار الموازنى راي الجهه عام'!I12 -> 0 | N12: =M12-I12 -> 0 | O12: =SUM(O9:O11) -> 0 | P12: =IF(O12>I12,O12-I12," ") | Q12: =IF(I12>O12,I12-O12," ") | R12: =IF(O12=0,,O12/I12) -> 0 | S12: =SUM(A12+B12+C12+D12+E12+F12+I12+J12+K12+L12+M12+O12) -> 0
A13: =A12/A847 -> 0 | B13: =B12/B847 -> 0 | C13: =C12/C847 -> 0 | D13: =D12/D847 -> 0 | E13: =E12/E847 -> 0 | F13: ='الاطار الموازنى راي الجهه عام'!F13 -> #DIV/0! | H13: نسبة الى إيرادات النشاط | I13: =I12/I847 -> 0 | J13: =J12/J847 -> 0 | K13: =K12/K847 -> #DIV/0! | L13: =L12/L847 -> #DIV/0! | M13: ='الاطار الموازنى راي الجهه عام'!I13 -> 0 | O13: =O12/O847 -> 0 | S13: 1
G14: 3111010200 | H14: نوع(2) مدخلات أنتاج | P14: =IF(O14>I14,O14-I14," ") | Q14: =IF(I14>O14,I14-O14," ") | S14: =S19 -> 0
A15: ='الاطار الموازنى راي الجهه عام'!A15 -> 0 | B15: ='الاطار الموازنى راي الجهه عام'!B15 -> 0 | C15: ='الاطار الموازنى راي الجهه عام'!C15 -> 0 | D15: ='الاطار الموازنى راي الجهه عام'!D15 -> 0 | E15: ='الاطار الموازنى راي الجهه عام'!E15 -> 0 | F15: ='الاطار الموازنى راي الجهه عام'!F15 -> 0 | G15: 3111010201 | H15: فرع (1) ألأراضي المستخدمة في تنفيذ مشروعات التعمير والإسكان التي يتم بيعها مع الوحدات السكنية المقامة عليها | L15: =K15*2 -> 0 | M15: ='الاطار الموازنى راي الجهه عام'!I15 -> 0 | N15: =M15-I15 -> 0 | P15: =IF(O15>I15,O15-I15," ") | Q15: =IF(I15>O15,I15-O15," ") | R15: =IF(O15=0,,O15/I15) -> 0 | S15: =SUM(A15+B15+C15+D15+E15+F15+I15+J15+K15+L15+M15+O15) -> 0
A16: ='الاطار الموازنى راي الجهه عام'!A16 -> 0 | B16: ='الاطار الموازنى راي الجهه عام'!B16 -> 0 | C16: ='الاطار الموازنى راي الجهه عام'!C16 -> 0 | D16: ='الاطار الموازنى راي الجهه عام'!D16 -> 0 | E16: ='الاطار الموازنى راي الجهه عام'!E16 -> 0 | F16: ='الاطار الموازنى راي الجهه عام'!F16 -> 0 | G16: 3111010202 | H16: فرع (2) ألأراضي المخصصة لمشروعات الاستصلاح والاستزراع التي يتم تنفيذها بغرض البيع للغير | L16: =K16*2 -> 0 | M16: ='الاطار الموازنى راي الجهه عام'!I16 -> 0 | N16: =M16-I16 -> 0 | P16: =IF(O16>I16,O16-I16," ") | Q16: =IF(I16>O16,I16-O16," ") | R16: =IF(O16=0,,O16/I16) -> 0 | S16: =SUM(A16+B16+C16+D16+E16+F16+I16+J16+K16+L16+M16+O16) -> 0
A17: ='الاطار الموازنى راي الجهه عام'!A17 -> 0 | B17: ='الاطار الموازنى راي الجهه عام'!B17 -> 0 | C17: ='الاطار الموازنى راي الجهه عام'!C17 -> 0 | D17: ='الاطار الموازنى راي الجهه عام'!D17 -> 0 | E17: ='الاطار الموازنى راي الجهه عام'!E17 -> 0 | F17: ='الاطار الموازنى راي الجهه عام'!F17 -> 0 | G17: 3111010203 | H17: فرع (3) مخلفات إنتاج يتم تشغيلها مرة أخري | L17: =K17*2 -> 0 | M17: ='الاطار الموازنى راي الجهه عام'!I17 -> 0 | N17: =M17-I17 -> 0 | P17: =IF(O17>I17,O17-I17," ") | Q17: =IF(I17>O17,I17-O17," ") | R17: =IF(O17=0,,O17/I17) -> 0 | S17: =SUM(A17+B17+C17+D17+E17+F17+I17+J17+K17+L17+M17+O17) -> 0
A18: ='الاطار الموازنى راي الجهه عام'!A18 -> 0 | B18: ='الاطار الموازنى راي الجهه عام'!B18 -> 0 | C18: ='الاطار الموازنى راي الجهه عام'!C18 -> 0 | D18: ='الاطار الموازنى راي الجهه عام'!D18 -> 0 | E18: ='الاطار الموازنى راي الجهه عام'!E18 -> 0 | F18: ='الاطار الموازنى راي الجهه عام'!F18 -> 0 | G18: 3111010204 | H18: فرع (4) مخلفات إنتاج أخري | L18: =K18*2 -> 0 | M18: ='الاطار الموازنى راي الجهه عام'!I18 -> 0 | N18: =M18-I18 -> 0 | P18: =IF(O18>I18,O18-I18," ") | Q18: =IF(I18>O18,I18-O18," ") | R18: =IF(O18=0,,O18/I18) -> 0 | S18: =SUM(A18+B18+C18+D18+E18+F18+I18+J18+K18+L18+M18+O18) -> 0
A19: =SUM(A15:A18) -> 0 | B19: =SUM(B15:B18) -> 0 | C19: =SUM(C15:C18) -> 0 | D19: =SUM(D15:D18) -> 0 | E19: =SUM(E15:E18) -> 0 | F19: ='الاطار الموازنى راي الجهه عام'!F19 -> 0 | H19: جملة نوع ( 2 ) | I19: =SUM(I15:I18) -> 0 | J19: =SUM(J15:J18) -> 0 | K19: =SUM(K15:K18) -> 0 | L19: =SUM(L15:L18) -> 0 | M19: ='الاطار الموازنى راي الجهه عام'!I19 -> 0 | N19: =M19-I19 -> 0 | O19: =SUM(O15:O18) -> 0 | P19: =IF(O19>I19,O19-I19," ") | Q19: =IF(I19>O19,I19-O19," ") | R19: =IF(O19=0,,O19/I19) -> 0 | S19: =SUM(A19+B19+C19+D19+E19+F19+I19+J19+K19+L19+M19+O19) -> 0
A20: =A19/A847 -> 0 | B20: =B19/B847 -> 0 | C20: =C19/C847 -> 0 | D20: =D19/D847 -> 0 | E20: =E19/E847 -> 0 | F20: ='الاطار الموازنى راي الجهه عام'!F20 -> #DIV/0! | H20: نسبة الى إيرادات النشاط | I20: =I19/I847 -> 0 | J20: =J19/J847 -> 0 | K20: =K19/K847 -> #DIV/0! | L20: =L19/L847 -> #DIV/0! | M20: ='الاطار الموازنى راي الجهه عام'!I20 -> 0 | O20: =O19/O847 -> 0 | S20: 1
A21: =A12+A19 -> 0 | B21: =B12+B19 -> 0 | C21: =C12+C19 -> 0 | D21: =D12+D19 -> 0 | E21: =E12+E19 -> 0 | F21: ='الاطار الموازنى راي الجهه عام'!F21 -> 0 | H21: جملة بند 1 - خامات ومدخلات انتاج | I21: =I12+I19 -> 0 | J21: =J12+J19 -> 0 | K21: =K12+K19 -> 0 | L21: =K21*2 -> 0 | M21: ='الاطار الموازنى راي الجهه عام'!I21 -> 0 | N21: =M21-I21 -> 0 | O21: =O12+O19 -> 0 | P21: =IF(O21>I21,O21-I21," ") | Q21: =IF(I21>O21,I21-O21," ") | R21: =IF(O21=0,,O21/I21) -> 0 | S21: =SUM(A21+B21+C21+D21+E21+F21+I21+J21+K21+L21+M21+O21) -> 0
G22: 3111020000 | H22: بند 2 وقود وزيوت | P22: =IF(O22>I22,O22-I22," ") | Q22: =IF(I22>O22,I22-O22," ") | S22: =S40 -> 3812998
A23: ='الاطار الموازنى راي الجهه عام'!A23 -> 0 | B23: ='الاطار الموازنى راي الجهه عام'!B23 -> 0 | C23: ='الاطار الموازنى راي الجهه عام'!C23 -> 0 | D23: ='الاطار الموازنى راي الجهه عام'!D23 -> 0 | E23: ='الاطار الموازنى راي الجهه عام'!E23 -> 0 | F23: ='الاطار الموازنى راي الجهه عام'!F23 -> 0 | G23: 3111020101 | H23: نوع (1) فحومات | L23: =K23*2 -> 0 | M23: ='الاطار الموازنى راي الجهه عام'!I23 -> 0 | N23: =M23-I23 -> 0 | P23: =IF(O23>I23,O23-I23," ") | Q23: =IF(I23>O23,I23-O23," ") | R23: =IF(O23=0,,O23/I23) -> 0 | S23: =SUM(A23+B23+C23+D23+E23+F23+I23+J23+K23+L23+M23+O23) -> 0
G24: 3111020200 | H24: نوع (2) مواد بترولية | P24: =IF(O24>I24,O24-I24," ") | Q24: =IF(I24>O24,I24-O24," ") | S24: =S27 -> 3340758
A25: ='الاطار الموازنى راي الجهه عام'!A25 -> 0 | B25: ='الاطار الموازنى راي الجهه عام'!B25 -> 0 | C25: ='الاطار الموازنى راي الجهه عام'!C25 -> 0 | D25: ='الاطار الموازنى راي الجهه عام'!D25 -> 0 | E25: ='الاطار الموازنى راي الجهه عام'!E25 -> 0 | F25: ='الاطار الموازنى راي الجهه عام'!F25 -> 0 | G25: 3111020201 | H25: فرع (1) مواد بترولية للتشغيل | L25: =K25*2 -> 0 | M25: ='الاطار الموازنى راي الجهه عام'!I25 -> 0 | N25: =M25-I25 -> 0 | P25: =IF(O25>I25,O25-I25," ") | Q25: =IF(I25>O25,I25-O25," ") | R25: =IF(O25=0,,O25/I25) -> 0 | S25: =SUM(A25+B25+C25+D25+E25+F25+I25+J25+K25+L25+M25+O25) -> 0
A26: ='الاطار الموازنى راي الجهه عام'!A26 -> 200000 | B26: ='الاطار الموازنى راي الجهه عام'!B26 -> 177868 | C26: ='الاطار الموازنى راي الجهه عام'!C26 -> 265000 | D26: ='الاطار الموازنى راي الجهه عام'!D26 -> 267890 | E26: ='الاطار الموازنى راي الجهه عام'!E26 -> 450000 | F26: ='الاطار الموازنى راي الجهه عام'!F26 -> 0 | G26: 3111020202 | H26: فرع (2) مواد بترولية لسيارات الركوب | I26: 495000 | J26: 495000 | L26: =K26*2 -> 0 | M26: ='الاطار الموازنى راي الجهه عام'!I26 -> 495000 | N26: =M26-I26 -> 0 | O26: 495000 | P26: =IF(O26>I26,O26-I26," ") | Q26: =IF(I26>O26,I26-O26," ") | R26: =IF(O26=0,,O26/I26) -> 1 | S26: =SUM(A26+B26+C26+D26+E26+F26+I26+J26+K26+L26+M26+O26) -> 3340758
A27: =SUM(A25:A26) -> 200000 | B27: =SUM(B25:B26) -> 177868 | C27: =SUM(C25:C26) -> 265000 | D27: =SUM(D25:D26) -> 267890 | E27: =SUM(E25:E26) -> 450000 | F27: ='الاطار الموازنى راي الجهه عام'!F27 -> 0 | H27: جملة نوع ( 2 ) | I27: =SUM(I25:I26) -> 495000 | J27: =SUM(J25:J26) -> 495000 | K27: =SUM(K25:K26) -> 0 | L27: =SUM(L25:L26) -> 0 | M27: ='الاطار الموازنى راي الجهه عام'!I27 -> 495000 | N27: =M27-I27 -> 0 | O27: =SUM(O25:O26) -> 495000 | P27: =IF(O27>I27,O27-I27," ") | Q27: =IF(I27>O27,I27-O27," ") | R27: =IF(O27=0,,O27/I27) -> 1 | S27: =SUM(A27+B27+C27+D27+E27+F27+I27+J27+K27+L27+M27+O27) -> 3340758
A28: =A27/A847 -> 0.0090909091 | B28: =B27/B847 -> 0.0071065233 | C28: =C27/C847 -> 0.014082262 | D28: =D27/D847 -> 0.0083492858 | E28: =E27/E847 -> 0.014601856 | F28: ='الاطار الموازنى راي الجهه عام'!F28 -> #DIV/0! | H28: نسبة الى إيرادات النشاط | I28: =I27/I847 -> 0.012556122 | J28: =J27/J847 -> 0.012556122 | K28: =K27/K847 -> #DIV/0! | L28: =L27/L847 -> #DIV/0! | M28: ='الاطار الموازنى راي الجهه عام'!I28 -> 0.012556122 | O28: =O27/O847 -> 0.012556122 | S28: 1
G29: 3111020300 | H29: نوع (3) مواد تزييت و تشحيم | P29: =IF(O29>I29,O29-I29," ") | Q29: =IF(I29>O29,I29-O29," ") | S29: =S32 -> 414315
A30: ='الاطار الموازنى راي الجهه عام'!A30 -> 0 | B30: ='الاطار الموازنى راي الجهه عام'!B30 -> 0 | C30: ='الاطار الموازنى راي الجهه عام'!C30 -> 0 | D30: ='الاطار الموازنى راي الجهه عام'!D30 -> 0 | E30: ='الاطار الموازنى راي الجهه عام'!E30 -> 0 | F30: ='الاطار الموازنى راي الجهه عام'!F30 -> 0 | G30: 3111020301 | H30: فرع (1) مواد تزييت و شحومات للتشغيل | L30: =K30*2 -> 0 | M30: ='الاطار الموازنى راي الجهه عام'!I30 -> 0 | N30: =M30-I30 -> 0 | P30: =IF(O30>I30,O30-I30," ") | Q30: =IF(I30>O30,I30-O30," ") | R30: =IF(O30=0,,O30/I30) -> 0 | S30: =SUM(A30+B30+C30+D30+E30+F30+I30+J30+K30+L30+M30+O30) -> 0
A31: ='الاطار الموازنى راي الجهه عام'!A31 -> 15000 | B31: ='الاطار الموازنى راي الجهه عام'!B31 -> 17422 | C31: ='الاطار الموازنى راي الجهه عام'!C31 -> 23000 | D31: ='الاطار الموازنى راي الجهه عام'!D31 -> 29893 | E31: ='الاطار الموازنى راي الجهه عام'!E31 -> 45000 | F31: ='الاطار الموازنى راي الجهه عام'!F31 -> 0 | G31: 3111020302 | H31: فرع (2) مواد تزييت وشحومات لسيارات الركوب | I31: 60000 | J31: 60000 | L31: =K31*2 -> 0 | M31: ='الاطار الموازنى راي الجهه عام'!I31 -> 82000 | N31: =M31-I31 -> 22000 | O31: 82000 | P31: =IF(O31>I31,O31-I31," ") -> 22000 | Q31: =IF(I31>O31,I31-O31," ") | R31: =IF(O31=0,,O31/I31) -> 1.3666667 | S31: =SUM(A31+B31+C31+D31+E31+F31+I31+J31+K31+L31+M31+O31) -> 414315
A32: =SUM(A30:A31) -> 15000 | B32: =SUM(B30:B31) -> 17422 | C32: =SUM(C30:C31) -> 23000 | D32: =SUM(D30:D31) -> 29893 | E32: =SUM(E30:E31) -> 45000 | F32: ='الاطار الموازنى راي الجهه عام'!F32 -> 0 | H32: جملة نوع ( 3 ) | I32: =SUM(I30:I31) -> 60000 | J32: =SUM(J30:J31) -> 60000 | K32: =SUM(K30:K31) -> 0 | L32: =SUM(L30:L31) -> 0 | M32: ='الاطار الموازنى راي الجهه عام'!I32 -> 82000 | N32: =M32-I32 -> 22000 | O32: =SUM(O30:O31) -> 82000 | P32: =IF(O32>I32,O32-I32," ") -> 22000 | Q32: =IF(I32>O32,I32-O32," ") | R32: =IF(O32=0,,O32/I32) -> 1.3666667 | S32: =SUM(A32+B32+C32+D32+E32+F32+I32+J32+K32+L32+M32+O32) -> 414315
A33: =A32/A847 -> 0.00068181818 | B33: =B32/B847 -> 0.00069607714 | C33: =C32/C847 -> 0.001222234 | D33: =D32/D847 -> 0.00093167047 | E33: =E32/E847 -> 0.0014601856 | F33: ='الاطار الموازنى راي الجهه عام'!F33 -> #DIV/0! | H33: نسبة الى إيرادات النشاط | I33: =I32/I847 -> 0.0015219542 | J33: =J32/J847 -> 0.0015219542 | K33: =K32/K847 -> #DIV/0! | L33: =L32/L847 -> #DIV/0! | M33: ='الاطار الموازنى راي الجهه عام'!I33 -> 0.0020800041 | O33: =O32/O847 -> 0.0020800041 | S33: 1
G34: 3111020400 | H34: نوع (4) غاز | P34: =IF(O34>I34,O34-I34," ") | Q34: =IF(I34>O34,I34-O34," ") | S34: =S36 -> 0
A35: ='الاطار الموازنى راي الجهه عام'!A35 -> 0 | B35: ='الاطار الموازنى راي الجهه عام'!B35 -> 0 | C35: ='الاطار الموازنى راي الجهه عام'!C35 -> 14000 | D35: ='الاطار الموازنى راي الجهه عام'!D35 -> 1925 | E35: ='الاطار الموازنى راي الجهه عام'!E35 -> 14000 | F35: ='الاطار الموازنى راي الجهه عام'!F35 -> 0 | G35: 3111020401 | H35: فرع (1) غاز للتشغيل | I35: 7000 | J35: 7000 | L35: =K35*2 -> 0 | M35: ='الاطار الموازنى راي الجهه عام'!I35 -> 7000 | N35: =M35-I35 -> 0 | O35: 7000 | P35: =IF(O35>I35,O35-I35," ") | Q35: =IF(I35>O35,I35-O35," ") | R35: =IF(O35=0,,O35/I35) -> 1 | S35: =SUM(A35+B35+C35+D35+E35+F35+I35+J35+K35+L35+M35+O35) -> 57925
A36: ='الاطار الموازنى راي الجهه عام'!A36 -> 0 | B36: ='الاطار الموازنى راي الجهه عام'!B36 -> 0 | C36: ='الاطار الموازنى راي الجهه عام'!C36 -> 0 | D36: ='الاطار الموازنى راي الجهه عام'!D36 -> 0 | E36: ='الاطار الموازنى راي الجهه عام'!E36 -> 0 | F36: ='الاطار الموازنى راي الجهه عام'!F36 -> 0 | G36: 3111020402 | H36: فرع (2) غاز لسيارات الركوب | L36: =K36*2 -> 0 | M36: ='الاطار الموازنى راي الجهه عام'!I36 -> 0 | N36: =M36-I36 -> 0 | P36: =IF(O36>I36,O36-I36," ") | Q36: =IF(I36>O36,I36-O36," ") | R36: =IF(O36=0,,O36/I36) -> 0 | S36: =SUM(A36+B36+C36+D36+E36+F36+I36+J36+K36+L36+M36+O36) -> 0
A37: =SUM(A35:A36) -> 0 | B37: =SUM(B35:B36) -> 0 | C37: =SUM(C35:C36) -> 14000 | D37: =SUM(D35:D36) -> 1925 | E37: =SUM(E35:E36) -> 14000 | F37: ='الاطار الموازنى راي الجهه عام'!F37 -> 0 | H37: جملة نوع ( 4 ) | I37: =SUM(I35:I36) -> 7000 | J37: =SUM(J35:J36) -> 7000 | K37: =SUM(K35:K36) -> 0 | L37: =SUM(L35:L36) -> 0 | M37: ='الاطار الموازنى راي الجهه عام'!I37 -> 7000 | N37: =M37-I37 -> 0 | O37: =SUM(O35:O36) -> 7000 | P37: =IF(O37>I37,O37-I37," ") | Q37: =IF(I37>O37,I37-O37," ") | R37: =IF(O37=0,,O37/I37) -> 1 | S37: =SUM(A37+B37+C37+D37+E37+F37+I37+J37+K37+L37+M37+O37) -> 57925
A38: =A37/A847 -> 0 | B38: =B37/B847 -> 0 | C38: =C37/C847 -> 0.00074396854 | D38: =D37/D847 -> 5.9996175e-05 | E38: =E37/E847 -> 0.00045427997 | F38: ='الاطار الموازنى راي الجهه عام'!F38 -> #DIV/0! | H38: نسبة الى إيرادات النشاط | I38: =I37/I847 -> 0.00017756132 | J38: =J37/J847 -> 0.00017756132 | K38: =K37/K847 -> #DIV/0! | L38: =L37/L847 -> #DIV/0! | M38: ='الاطار الموازنى راي الجهه عام'!I38 -> 0.00017756132 | O38: =O37/O847 -> 0.00017756132 | S38: 1
A39: ='الاطار الموازنى راي الجهه عام'!A39 -> 0 | B39: ='الاطار الموازنى راي الجهه عام'!B39 -> 0 | C39: ='الاطار الموازنى راي الجهه عام'!C39 -> 0 | D39: ='الاطار الموازنى راي الجهه عام'!D39 -> 0 | E39: ='الاطار الموازنى راي الجهه عام'!E39 -> 0 | F39: ='الاطار الموازنى راي الجهه عام'!F39 -> 0 | G39: 3111020501 | H39: نوع(5) أخرى | L39: =K39*2 -> 0 | M39: ='الاطار الموازنى راي الجهه عام'!I39 -> 0 | N39: =M39-I39 -> 0 | P39: =IF(O39>I39,O39-I39," ") | Q39: =IF(I39>O39,I39-O39," ") | R39: =IF(O39=0,,O39/I39) -> 0 | S39: =SUM(A39+B39+C39+D39+E39+F39+I39+J39+K39+L39+M39+O39) -> 0
A40: =A23+A27+A32+A37+A39 -> 215000 | B40: =B23+B27+B32+B37+B39 -> 195290 | C40: =C23+C27+C32+C37+C39 -> 302000 | D40: =D23+D27+D32+D37+D39 -> 299708 | E40: =E23+E27+E32+E37+E39 -> 509000 | F40: ='الاطار الموازنى راي الجهه عام'!F40 -> 0 | H40: جملة بند (2) وقود وزيوت | I40: =I23+I27+I32+I37+I39 -> 562000 | J40: =J23+J27+J32+J37+J39 -> 562000 | K40: =K23+K27+K32+K37+K39 -> 0 | L40: =L23+L27+L32+L37+L39 -> 0 | M40: ='الاطار الموازنى راي الجهه عام'!I40 -> 584000 | N40: =M40-I40 -> 22000 | O40: =O23+O27+O32+O37+O39 -> 584000 | P40: =IF(O40>I40,O40-I40," ") -> 22000 | Q40: =IF(I40>O40,I40-O40," ") | R40: =IF(O40=0,,O40/I40) -> 1.0391459 | S40: =SUM(A40+B40+C40+D40+E40+F40+I40+J40+K40+L40+M40+O40) -> 3812998
A41: =A40/A847 -> 0.0097727273 | B41: =B40/B847 -> 0.0078026005 | C41: =C40/C847 -> 0.016048464 | D41: =D40/D847 -> 0.0093409525 | E41: =E40/E847 -> 0.016516322 | F41: ='الاطار الموازنى راي الجهه عام'!F41 -> #DIV/0! | H41: نسبة الى إيرادات النشاط | I41: =I40/I847 -> 0.014255638 | J41: =J40/J847 -> 0.014255638 | K41: =K40/K847 -> #DIV/0! | L41: =L40/L847 -> #DIV/0! | M41: ='الاطار الموازنى راي الجهه عام'!I41 -> 0.014813687 | N41: =N40/N847 -> #DIV/0! | O41: =O40/O847 -> 0.014813687 | S41: 1
G42: 3111030000 | H42: بند 3 قطع غيار ومهمات | P42: =IF(O42>I42,O42-I42," ") | Q42: =IF(I42>O42,I42-O42," ") | S42: =S45 -> 2906243
A43: ='الاطار الموازنى راي الجهه عام'!A43 -> 50000 | B43: ='الاطار الموازنى راي الجهه عام'!B43 -> 43600 | C43: ='الاطار الموازنى راي الجهه عام'!C43 -> 100000 | D43: ='الاطار الموازنى راي الجهه عام'!D43 -> 41228 | E43: ='الاطار الموازنى راي الجهه عام'!E43 -> 175000 | F43: ='الاطار الموازنى راي الجهه عام'!F43 -> 0 | G43: 3111030101 | H43: نوع(1) قطع غيار ومواد للصيانة | I43: 192000 | J43: 192000 | K43: 0 | L43: =K43*2 -> 0 | M43: ='الاطار الموازنى راي الجهه عام'!I43 -> 192000 | N43: =M43-I43 -> 0 | O43: 192000 | P43: =IF(O43>I43,O43-I43," ") | Q43: =IF(I43>O43,I43-O43," ") | R43: =IF(O43=0,,O43/I43) -> 1 | S43: =SUM(A43+B43+C43+D43+E43+F43+I43+J43+K43+L43+M43+O43) -> 1177828
A44: ='الاطار الموازنى راي الجهه عام'!A44 -> 100000 | B44: ='الاطار الموازنى راي الجهه عام'!B44 -> 35632 | C44: ='الاطار الموازنى راي الجهه عام'!C44 -> 130000 | D44: ='الاطار الموازنى راي الجهه عام'!D44 -> 112783 | E44: ='الاطار الموازنى راي الجهه عام'!E44 -> 250000 | F44: ='الاطار الموازنى راي الجهه عام'!F44 -> 0 | G44: 3111030201 | H44: نوع(2) مواد ومهمات متنوعة | I44: 275000 | J44: 275000 | L44: =K44*2 -> 0 | M44: ='الاطار الموازنى راي الجهه عام'!I44 -> 275000 | N44: =M44-I44 -> 0 | O44: 275000 | P44: =IF(O44>I44,O44-I44," ") | Q44: =IF(I44>O44,I44-O44," ") | R44: =IF(O44=0,,O44/I44) -> 1 | S44: =SUM(A44+B44+C44+D44+E44+F44+I44+J44+K44+L44+M44+O44) -> 1728415
A45: =SUM(A43:A44) -> 150000 | B45: =SUM(B43:B44) -> 79232 | C45: =SUM(C43:C44) -> 230000 | D45: =SUM(D43:D44) -> 154011 | E45: =SUM(E43:E44) -> 425000 | F45: ='الاطار الموازنى راي الجهه عام'!F45 -> 0 | H45: جملة بند (3) قطع غيار ومهمات | I45: =SUM(I43:I44) -> 467000 | J45: =SUM(J43:J44) -> 467000 | K45: =SUM(K43:K44) -> 0 | L45: =SUM(L43:L44) -> 0 | M45: ='الاطار الموازنى راي الجهه عام'!I45 -> 467000 | N45: =M45-I45 -> 0 | O45: =SUM(O43:O44) -> 467000 | P45: =IF(O45>I45,O45-I45," ") | Q45: =IF(I45>O45,I45-O45," ") | R45: =IF(O45=0,,O45/I45) -> 1 | S45: =SUM(A45+B45+C45+D45+E45+F45+I45+J45+K45+L45+M45+O45) -> 2906243
A46: =A45/A847 -> 0.0068181818 | B46: =B45/B847 -> 0.0031656288 | C46: =C45/C847 -> 0.01222234 | D46: =D45/D847 -> 0.0048000368 | E46: =E45/E847 -> 0.013790642 | F46: ='الاطار الموازنى راي الجهه عام'!F46 -> #DIV/0! | H46: نسبة الى إيرادات النشاط | I46: =I45/I847 -> 0.011845877 | J46: =J45/J847 -> 0.011845877 | K46: =K45/K847 -> #DIV/0! | L46: =L45/L847 -> #DIV/0! | M46: ='الاطار الموازنى راي الجهه عام'!I46 -> 0.011845877 | O46: =O45/O847 -> 0.011845877 | S46: 1
G47: 3111040000 | H47: بند 4 مواد تعبئة وتغليف | P47: =IF(O47>I47,O47-I47," ") | Q47: =IF(I47>O47,I47-O47," ") | S47: =S50 -> 0
A48: ='الاطار الموازنى راي الجهه عام'!A48 -> 0 | B48: ='الاطار الموازنى راي الجهه عام'!B48 -> 0 | C48: ='الاطار الموازنى راي الجهه عام'!C48 -> 0 | D48: ='الاطار الموازنى راي الجهه عام'!D48 -> 0 | E48: ='الاطار الموازنى راي الجهه عام'!E48 -> 0 | F48: ='الاطار الموازنى راي الجهه عام'!F48 -> 0 | G48: 3111040101 | H48: نوع(1) مواد تعبئة وتغليف مستهلكة | L48: =K48*2 -> 0 | M48: ='الاطار الموازنى راي الجهه عام'!I48 -> 0 | N48: =M48-I48 -> 0 | P48: =IF(O48>I48,O48-I48," ") | Q48: =IF(I48>O48,I48-O48," ") | R48: =IF(O48=0,,O48/I48) -> 0 | S48: =SUM(A48+B48+C48+D48+E48+F48+I48+J48+K48+L48+M48+O48) -> 0
A49: ='الاطار الموازنى راي الجهه عام'!A49 -> 0 | B49: ='الاطار الموازنى راي الجهه عام'!B49 -> 0 | C49: ='الاطار الموازنى راي الجهه عام'!C49 -> 0 | D49: ='الاطار الموازنى راي الجهه عام'!D49 -> 0 | E49: ='الاطار الموازنى راي الجهه عام'!E49 -> 0 | F49: ='الاطار الموازنى راي الجهه عام'!F49 -> 0 | G49: 3111040201 | H49: نوع(2) مواد تعبئة وتغليف متداولة | L49: =K49*2 -> 0 | M49: ='الاطار الموازنى راي الجهه عام'!I49 -> 0 | N49: =M49-I49 -> 0 | P49: =IF(O49>I49,O49-I49," ") | Q49: =IF(I49>O49,I49-O49," ") | R49: =IF(O49=0,,O49/I49) -> 0 | S49: =SUM(A49+B49+C49+D49+E49+F49+I49+J49+K49+L49+M49+O49) -> 0
A50: =SUM(A48:A49) -> 0 | B50: =SUM(B48:B49) -> 0 | C50: =SUM(C48:C49) -> 0 | D50: =SUM(D48:D49) -> 0 | E50: =SUM(E48:E49) -> 0 | F50: ='الاطار الموازنى راي الجهه عام'!F50 -> 0 | H50: جملة بند (4) مواد تعبئة وتغليف | I50: =SUM(I48:I49) -> 0 | J50: =SUM(J48:J49) -> 0 | K50: =SUM(K48:K49) -> 0 | L50: =SUM(L48:L49) -> 0 | M50: ='الاطار الموازنى راي الجهه عام'!I50 -> 0 | N50: =M50-I50 -> 0 | O50: =SUM(O48:O49) -> 0 | P50: =IF(O50>I50,O50-I50," ") | Q50: =IF(I50>O50,I50-O50," ") | R50: =IF(O50=0,,O50/I50) -> 0 | S50: =SUM(A50+B50+C50+D50+E50+F50+I50+J50+K50+L50+M50+O50) -> 0
A51: =A50/A847 -> 0 | B51: =B50/B847 -> 0 | C51: =C50/C847 -> 0 | D51: =D50/D847 -> 0 | E51: =E50/E847 -> 0 | F51: ='الاطار الموازنى راي الجهه عام'!F51 -> #DIV/0! | H51: نسبة الى إيرادات النشاط | I51: =I50/I847 -> 0 | J51: =J50/J847 -> 0 | K51: =K50/K847 -> #DIV/0! | L51: =L50/L847 -> #DIV/0! | M51: ='الاطار الموازنى راي الجهه عام'!I51 -> 0 | O51: =O50/O847 -> 0 | S51: 1
G52: 3111050000 | H52: بند 5 كهرباء ومياه | P52: =IF(O52>I52,O52-I52," ") | Q52: =IF(I52>O52,I52-O52," ") | S52: =S58 -> 3117591
G53: 3111050100 | H53: نوع (1) كهرباء | P53: =IF(O53>I53,O53-I53," ") | Q53: =IF(I53>O53,I53-O53," ") | S53: =S56 -> 2676358
A54: ='الاطار الموازنى راي الجهه عام'!A54 -> 0 | B54: ='الاطار الموازنى راي الجهه عام'!B54 -> 0 | C54: ='الاطار الموازنى راي الجهه عام'!C54 -> 0 | D54: ='الاطار الموازنى راي الجهه عام'!D54 -> 0 | E54: ='الاطار الموازنى راي الجهه عام'!E54 -> 0 | F54: ='الاطار الموازنى راي الجهه عام'!F54 -> 0 | G54: 3111050101 | H54: فرع (1) كهرباء تشغيل | L54: =K54*2 -> 0 | M54: ='الاطار الموازنى راي الجهه عام'!I54 -> 0 | N54: =M54-I54 -> 0 | P54: =IF(O54>I54,O54-I54," ") | Q54: =IF(I54>O54,I54-O54," ") | R54: =IF(O54=0,,O54/I54) -> 0 | S54: =SUM(A54+B54+C54+D54+E54+F54+I54+J54+K54+L54+M54+O54) -> 0
A55: ='الاطار الموازنى راي الجهه عام'!A55 -> 190000 | B55: ='الاطار الموازنى راي الجهه عام'!B55 -> 178813 | C55: ='الاطار الموازنى راي الجهه عام'!C55 -> 348000 | D55: ='الاطار الموازنى راي الجهه عام'!D55 -> 79545 | E55: ='الاطار الموازنى راي الجهه عام'!E55 -> 348000 | F55: ='الاطار الموازنى راي الجهه عام'!F55 -> 0 | G55: 3111050102 | H55: فرع (2) كهرباء إنارة | I55: 383000 | J55: 383000 | L55: =K55*2 -> 0 | M55: ='الاطار الموازنى راي الجهه عام'!I55 -> 383000 | N55: =M55-I55 -> 0 | O55: 383000 | P55: =IF(O55>I55,O55-I55," ") | Q55: =IF(I55>O55,I55-O55," ") | R55: =IF(O55=0,,O55/I55) -> 1 | S55: =SUM(A55+B55+C55+D55+E55+F55+I55+J55+K55+L55+M55+O55) -> 2676358
A56: =SUM(A54:A55) -> 190000 | B56: =SUM(B54:B55) -> 178813 | C56: =SUM(C54:C55) -> 348000 | D56: =SUM(D54:D55) -> 79545 | E56: =SUM(E54:E55) -> 348000 | F56: ='الاطار الموازنى راي الجهه عام'!F56 -> 0 | H56: جملة نوع ( 1 ) | I56: =SUM(I54:I55) -> 383000 | J56: =SUM(J54:J55) -> 383000 | K56: =SUM(K54:K55) -> 0 | L56: =SUM(L54:L55) -> 0 | M56: ='الاطار الموازنى راي الجهه عام'!I56 -> 383000 | N56: =M56-I56 -> 0 | O56: =SUM(O54:O55) -> 383000 | P56: =IF(O56>I56,O56-I56," ") | Q56: =IF(I56>O56,I56-O56," ") | R56: =IF(O56=0,,O56/I56) -> 1 | S56: =SUM(A56+B56+C56+D56+E56+F56+I56+J56+K56+L56+M56+O56) -> 2676358
A57: ='الاطار الموازنى راي الجهه عام'!A57 -> 40000 | B57: ='الاطار الموازنى راي الجهه عام'!B57 -> 10206 | C57: ='الاطار الموازنى راي الجهه عام'!C57 -> 60000 | D57: ='الاطار الموازنى راي الجهه عام'!D57 -> 7027 | E57: ='الاطار الموازنى راي الجهه عام'!E57 -> 60000 | F57: ='الاطار الموازنى راي الجهه عام'!F57 -> 0 | G57: 3111050201 | H57: نوع (2) مياه | I57: 66000 | J57: 66000 | L57: =K57*2 -> 0 | M57: ='الاطار الموازنى راي الجهه عام'!I57 -> 66000 | N57: =M57-I57 -> 0 | O57: 66000 | P57: =IF(O57>I57,O57-I57," ") | Q57: =IF(I57>O57,I57-O57," ") | R57: =IF(O57=0,,O57/I57) -> 1 | S57: =SUM(A57+B57+C57+D57+E57+F57+I57+J57+K57+L57+M57+O57) -> 441233
A58: =SUM(A56:A57) -> 230000 | B58: =SUM(B56:B57) -> 189019 | C58: =SUM(C56:C57) -> 408000 | D58: =SUM(D56:D57) -> 86572 | E58: =SUM(E56:E57) -> 408000 | F58: ='الاطار الموازنى راي الجهه عام'!F58 -> 0 | H58: جملة بند (5) كهرباء ومياه | I58: =SUM(I56:I57) -> 449000 | J58: =SUM(J56:J57) -> 449000 | K58: =SUM(K56:K57) -> 0 | L58: =SUM(L56:L57) -> 0 | M58: ='الاطار الموازنى راي الجهه عام'!I58 -> 449000 | N58: =M58-I58 -> 0 | O58: =SUM(O56:O57) -> 449000 | P58: =IF(O58>I58,O58-I58," ") | Q58: =IF(I58>O58,I58-O58," ") | R58: =IF(O58=0,,O58/I58) -> 1 | S58: =SUM(A58+B58+C58+D58+E58+F58+I58+J58+K58+L58+M58+O58) -> 3117591
A59: =A58/A847 -> 0.010454545 | B59: =B58/B847 -> 0.0075520495 | C59: =C58/C847 -> 0.021681369 | D59: =D58/D847 -> 0.002698176 | E59: =E58/E847 -> 0.013239016 | F59: ='الاطار الموازنى راي الجهه عام'!F59 -> #DIV/0! | H59: نسبة الى إيرادات النشاط | I59: =I58/I847 -> 0.011389291 | J59: =J58/J847 -> 0.011389291 | K59: =K58/K847 -> #DIV/0! | L59: =L58/L847 -> #DIV/0! | M59: ='الاطار الموازنى راي الجهه عام'!I59 -> 0.011389291 | O59: =O58/O847 -> 0.011389291 | S59: 1
G60: 3111060000 | H60: بند 6 ادوات كتابية و كتب | P60: =IF(O60>I60,O60-I60," ") | Q60: =IF(I60>O60,I60-O60," ") | S60: =S65 -> 1966969
A61: ='الاطار الموازنى راي الجهه عام'!A61 -> 120000 | B61: ='الاطار الموازنى راي الجهه عام'!B61 -> 0 | C61: ='الاطار الموازنى راي الجهه عام'!C61 -> 150000 | D61: ='الاطار الموازنى راي الجهه عام'!D61 -> 56171 | E61: ='الاطار الموازنى راي الجهه عام'!E61 -> 150000 | F61: ='الاطار الموازنى راي الجهه عام'!F61 -> 0 | G61: 3111060101 | H61: نوع (1) ادوات كتابية و كتب | I61: 165000 | J61: 165000 | L61: =K61*2 -> 0 | M61: ='الاطار الموازنى راي الجهه عام'!I61 -> 165000 | N61: =M61-I61 -> 0 | O61: 165000 | P61: =IF(O61>I61,O61-I61," ") | Q61: =IF(I61>O61,I61-O61," ") | R61: =IF(O61=0,,O61/I61) -> 1 | S61: =SUM(A61+B61+C61+D61+E61+F61+I61+J61+K61+L61+M61+O61) -> 1136171
A62: ='الاطار الموازنى راي الجهه عام'!A62 -> 5000 | B62: ='الاطار الموازنى راي الجهه عام'!B62 -> 0 | C62: ='الاطار الموازنى راي الجهه عام'!C62 -> 5000 | D62: ='الاطار الموازنى راي الجهه عام'!D62 -> 0 | E62: ='الاطار الموازنى راي الجهه عام'!E62 -> 5000 | F62: ='الاطار الموازنى راي الجهه عام'!F62 -> 0 | G62: 3111060201 | H62: نوع(2) كتب ومجلات ووثائق أخرى للمكتبات | I62: 6000 | J62: 6000 | L62: =K62*2 -> 0 | M62: ='الاطار الموازنى راي الجهه عام'!I62 -> 6000 | N62: =M62-I62 -> 0 | O62: 6000 | P62: =IF(O62>I62,O62-I62," ") | Q62: =IF(I62>O62,I62-O62," ") | R62: =IF(O62=0,,O62/I62) -> 1 | S62: =SUM(A62+B62+C62+D62+E62+F62+I62+J62+K62+L62+M62+O62) -> 39000
A63: ='الاطار الموازنى راي الجهه عام'!A63 -> 0 | B63: ='الاطار الموازنى راي الجهه عام'!B63 -> 0 | C63: ='الاطار الموازنى راي الجهه عام'!C63 -> 0 | D63: ='الاطار الموازنى راي الجهه عام'!D63 -> 0 | E63: ='الاطار الموازنى راي الجهه عام'!E63 -> 0 | F63: ='الاطار الموازنى راي الجهه عام'!F63 -> 0 | G63: 3111060301 | H63: نوع(3) كراسات ودفاتر | I63: 0 | J63: 0 | L63: =K63*2 -> 0 | M63: ='الاطار الموازنى راي الجهه عام'!I63 -> 0 | N63: =M63-I63 -> 0 | O63: 0 | P63: =IF(O63>I63,O63-I63," ") | Q63: =IF(I63>O63,I63-O63," ") | R63: =IF(O63=0,,O63/I63) -> 0 | S63: =SUM(A63+B63+C63+D63+E63+F63+I63+J63+K63+L63+M63+O63) -> 0
A64: ='الاطار الموازنى راي الجهه عام'!A64 -> 55000 | B64: ='الاطار الموازنى راي الجهه عام'!B64 -> 54111 | C64: ='الاطار الموازنى راي الجهه عام'!C64 -> 75000 | D64: ='الاطار الموازنى راي الجهه عام'!D64 -> 72687 | E64: ='الاطار الموازنى راي الجهه عام'!E64 -> 75000 | F64: ='الاطار الموازنى راي الجهه عام'!F64 -> 0 | G64: 3111060401 | H64: نوع(4) مطبوعات أخرى | I64: 100000 | J64: 100000 | L64: =K64*2 -> 0 | M64: ='الاطار الموازنى راي الجهه عام'!I64 -> 130000 | N64: =M64-I64 -> 30000 | O64: 130000 | P64: =IF(O64>I64,O64-I64," ") -> 30000 | Q64: =IF(I64>O64,I64-O64," ") | R64: =IF(O64=0,,O64/I64) -> 1.3 | S64: =SUM(A64+B64+C64+D64+E64+F64+I64+J64+K64+L64+M64+O64) -> 791798
A65: =SUM(A61:A64) -> 180000 | B65: =SUM(B61:B64) -> 54111 | C65: =SUM(C61:C64) -> 230000 | D65: =SUM(D61:D64) -> 128858 | E65: =SUM(E61:E64) -> 230000 | F65: ='الاطار الموازنى راي الجهه عام'!F65 -> 0 | H65: جملة بند (6) ادوات كتابية و كتب | I65: =SUM(I61:I64) -> 271000 | J65: =SUM(J61:J64) -> 271000 | K65: =SUM(K61:K64) -> 0 | L65: =SUM(L61:L64) -> 0 | M65: ='الاطار الموازنى راي الجهه عام'!I65 -> 301000 | N65: =M65-I65 -> 30000 | O65: =SUM(O61:O64) -> 301000 | P65: =IF(O65>I65,O65-I65," ") -> 30000 | Q65: =IF(I65>O65,I65-O65," ") | R65: =IF(O65=0,,O65/I65) -> 1.1107011 | S65: =SUM(A65+B65+C65+D65+E65+F65+I65+J65+K65+L65+M65+O65) -> 1966969
A66: =A65/A847 -> 0.0081818182 | B66: =B65/B847 -> 0.0021619464 | C66: =C65/C847 -> 0.01222234 | D66: =D65/D847 -> 0.0040160972 | E66: =E65/E847 -> 0.0074631709 | F66: ='الاطار الموازنى راي الجهه عام'!F66 -> #DIV/0! | H66: نسبة الى إيرادات النشاط | I66: =I65/$J$845 -> #DIV/0! | J66: =J65/$J$845 -> #DIV/0! | K66: =K65/$K$845 -> #DIV/0! | L66: =L65/$L$845 -> #DIV/0! | M66: ='الاطار الموازنى راي الجهه عام'!I66 -> 0.0076351368 | O66: =O65/$O$845 -> #DIV/0! | S66: 1
A67: ='الاطار الموازنى راي الجهه عام'!A67 -> 0 | B67: ='الاطار الموازنى راي الجهه عام'!B67 -> 0 | C67: ='الاطار الموازنى راي الجهه عام'!C67 -> 0 | D67: ='الاطار الموازنى راي الجهه عام'!D67 -> 0 | E67: ='الاطار الموازنى راي الجهه عام'!E67 -> 0 | F67: ='الاطار الموازنى راي الجهه عام'!F67 -> 0 | G67: 3111980101 | H67: اعتماد اجمالى على مستوى مجموعة (1) خامات ومواد ووقود وقطع غيار | L67: =K67*2 -> 0 | M67: ='الاطار الموازنى راي الجهه عام'!I67 -> 0 | N67: =M67-I67 -> 0 | P67: =IF(O67>I67,O67-I67," ") | Q67: =IF(I67>O67,I67-O67," ") | R67: =IF(O67=0,,O67/I67) -> 0 | S67: =SUM(A67+B67+C67+D67+E67+F67+I67+J67+K67+L67+M67+O67) -> 0
A68: =A67+A65+A58+A50+A45+A40+A21 -> 775000 | B68: =B67+B65+B58+B50+B45+B40+B21 -> 517652 | C68: =C67+C65+C58+C50+C45+C40+C21 -> 1170000 | D68: =D67+D65+D58+D50+D45+D40+D21 -> 669149 | E68: =E67+E65+E58+E50+E45+E40+E21 -> 1572000 | F68: ='الاطار الموازنى راي الجهه عام'!F68 -> 0 | H68: جملة مجموعة (1) خامات ومواد ووقود وقطع غيار | I68: =I67+I65+I58+I50+I45+I40+I21 -> 1749000 | J68: =J67+J65+J58+J50+J45+J40+J21 -> 1749000 | K68: =K67+K65+K58+K50+K45+K40+K21 -> 0 | L68: =L67+L65+L58+L50+L45+L40+L21 -> 0 | M68: ='الاطار الموازنى راي الجهه عام'!I68 -> 1801000 | N68: =M68-I68 -> 52000 | O68: =O67+O65+O58+O50+O45+O40+O21 -> 1801000 | P68: =IF(O68>I68,O68-I68," ") -> 52000 | Q68: =IF(I68>O68,I68-O68," ") | R68: =IF(O68=0,,O68/I68) -> 1.0297313 | S68: =SUM(A68+B68+C68+D68+E68+F68+I68+J68+K68+L68+M68+O68) -> 11803801
A69: ='الاطار الموازنى راي الجهه عام'!A69 -> 0 | B69: ='الاطار الموازنى راي الجهه عام'!B69 -> 0 | C69: ='الاطار الموازنى راي الجهه عام'!C69 -> 0 | D69: ='الاطار الموازنى راي الجهه عام'!D69 -> 0 | E69: ='الاطار الموازنى راي الجهه عام'!E69 -> 0 | F69: ='الاطار الموازنى راي الجهه عام'!F69 -> 0 | G69: 3111990101 | H69: المستبعد | L69: =K69*2 -> 0 | M69: ='الاطار الموازنى راي الجهه عام'!I69 -> 0 | N69: =M69-I69 -> 0 | P69: =IF(O69>I69,O69-I69," ") | Q69: =IF(I69>O69,I69-O69," ") | R69: =IF(O69=0,,O69/I69) -> 0 | S69: =SUM(A69+B69+C69+D69+E69+F69+I69+J69+K69+L69+M69+O69) -> 0
A70: =A68-A69 -> 775000 | B70: =B68-B69 -> 517652 | C70: =C68-C69 -> 1170000 | D70: =D68-D69 -> 669149 | E70: =E68-E69 -> 1572000 | F70: ='الاطار الموازنى راي الجهه عام'!F70 -> 0 | H70: صافى مجموعة ( 1 ) خامات ومواد ووقود وقطع غيار | I70: =I68-I69 -> 1749000 | J70: =J68-J69 -> 1749000 | K70: =K68-K69 -> 0 | L70: =L68-L69 -> 0 | M70: ='الاطار الموازنى راي الجهه عام'!I70 -> 1801000 | N70: =M70-I70 -> 52000 | O70: =O68-O69 -> 1801000 | P70: =IF(O70>I70,O70-I70," ") -> 52000 | Q70: =IF(I70>O70,I70-O70," ") | R70: =IF(O70=0,,O70/I70) -> 1.0297313 | S70: =SUM(A70+B70+C70+D70+E70+F70+I70+J70+K70+L70+M70+O70) -> 11803801
C71: =(C70-A70)/A70 -> 0.50967742 | D71: =(D70-B70)/B70 -> 0.29266187 | E71: =(E70-C70)/C70 -> 0.34358974 | F71: ='الاطار الموازنى راي الجهه عام'!F71 -> -1 | H71: نسبة التطور | M71: ='الاطار الموازنى راي الجهه عام'!I71 -> #DIV/0! | O71: =(O70-J70)/J70 -> 0.029731275 | S71: 1
A72: ='الاطار الموازنى راي الجهه عام'!A72 -> 0 | B72: ='الاطار الموازنى راي الجهه عام'!B72 -> 0 | C72: ='الاطار الموازنى راي الجهه عام'!C72 -> 0 | D72: ='الاطار الموازنى راي الجهه عام'!D72 -> 0 | E72: ='الاطار الموازنى راي الجهه عام'!E72 -> 0 | F72: ='الاطار الموازنى راي الجهه عام'!F72 -> 0 | G72: 3112000000 | H72: مجموعة (2) الأجـــــــــــــــــــور | L72: =K72*2 -> 0 | M72: ='الاطار الموازنى راي الجهه عام'!I72 -> 0 | N72: =M72-I72 -> 0 | P72: =IF(O72>I72,O72-I72," ") | Q72: =IF(I72>O72,I72-O72," ") | S72: =S191 -> 173615160
A73: ='الاطار الموازنى راي الجهه عام'!A73 -> 0 | B73: ='الاطار الموازنى راي الجهه عام'!B73 -> 0 | C73: ='الاطار الموازنى راي الجهه عام'!C73 -> 0 | D73: ='الاطار الموازنى راي الجهه عام'!D73 -> 0 | E73: ='الاطار الموازنى راي الجهه عام'!E73 -> 0 | F73: ='الاطار الموازنى راي الجهه عام'!F73 -> 0 | G73: 3112010000 | H73: بند 1 - أجـــور نقدية | L73: =K73*2 -> 0 | M73: ='الاطار الموازنى راي الجهه عام'!I73 -> 0 | N73: =M73-I73 -> 0 | P73: =IF(O73>I73,O73-I73," ") | Q73: =IF(I73>O73,I73-O73," ") | S73: =S164 -> 125433330
G74: 3112010100 | H74: نوع(1) الوظائف الدائمة | P74: =IF(O74>I74,O74-I74," ") | Q74: =IF(I74>O74,I74-O74," ") | S74: =S78 -> 8563489
A75: ='الاطار الموازنى راي الجهه عام'!A75 -> 769000 | B75: ='الاطار الموازنى راي الجهه عام'!B75 -> 753200 | C75: ='الاطار الموازنى راي الجهه عام'!C75 -> 789000 | D75: ='الاطار الموازنى راي الجهه عام'!D75 -> 718289 | E75: ='الاطار الموازنى راي الجهه عام'!E75 -> 850000 | F75: ='الاطار الموازنى راي الجهه عام'!F75 -> 0 | G75: 3112010101 | H75: فرع (1) أجور أساسية | I75: 1171000 | J75: 1171000 | L75: =K75*2 -> 0 | M75: ='الاطار الموازنى راي الجهه عام'!I75 -> 1171000 | N75: =M75-I75 -> 0 | O75: 1171000 | P75: =IF(O75>I75,O75-I75," ") | Q75: =IF(I75>O75,I75-O75," ") | R75: =IF(O75=0,,O75/I75) -> 1 | S75: =SUM(A75+B75+C75+D75+E75+F75+I75+J75+K75+L75+M75+O75) -> 8563489
A76: ='الاطار الموازنى راي الجهه عام'!A76 -> 0 | B76: ='الاطار الموازنى راي الجهه عام'!B76 -> 0 | C76: ='الاطار الموازنى راي الجهه عام'!C76 -> 0 | D76: ='الاطار الموازنى راي الجهه عام'!D76 -> 0 | E76: ='الاطار الموازنى راي الجهه عام'!E76 -> 0 | F76: ='الاطار الموازنى راي الجهه عام'!F76 -> 0 | G76: 3112010102 | H76: فرع (2) الأجر الوظيفي | L76: =K76*2 -> 0 | M76: ='الاطار الموازنى راي الجهه عام'!I76 -> 0 | N76: =M76-I76 -> 0 | O76: 0 | P76: =IF(O76>I76,O76-I76," ") | Q76: =IF(I76>O76,I76-O76," ") | R76: =IF(O76=0,,O76/I76) -> 0 | S76: =SUM(A76+B76+C76+D76+E76+F76+I76+J76+K76+L76+M76+O76) -> 0
A77: ='الاطار الموازنى راي الجهه عام'!A77 -> 0 | B77: ='الاطار الموازنى راي الجهه عام'!B77 -> 0 | C77: ='الاطار الموازنى راي الجهه عام'!C77 -> 0 | D77: ='الاطار الموازنى راي الجهه عام'!D77 -> 0 | E77: ='الاطار الموازنى راي الجهه عام'!E77 -> 0 | F77: ='الاطار الموازنى راي الجهه عام'!F77 -> 0 | G77: 3112010103 | H77: فرع (3) تكاليف وأجور ومرتبات المخاطبين بأحكام القانون رقم 28 لسنة 2018 | L77: =K77*2 -> 0 | M77: ='الاطار الموازنى راي الجهه عام'!I77 -> 0 | N77: =M77-I77 -> 0 | O77: 0 | P77: =IF(O77>I77,O77-I77," ") | Q77: =IF(I77>O77,I77-O77," ") | R77: =IF(O77=0,,O77/I77) -> 0 | S77: =SUM(A77+B77+C77+D77+E77+F77+I77+J77+K77+L77+M77+O77) -> 0
A78: =SUM(A75:A77) -> 769000 | B78: =SUM(B75:B77) -> 753200 | C78: =SUM(C75:C77) -> 789000 | D78: =SUM(D75:D77) -> 718289 | E78: =SUM(E75:E77) -> 850000 | F78: ='الاطار الموازنى راي الجهه عام'!F78 -> 0 | H78: جملة نوع ( 1 ) | I78: =SUM(I75:I77) -> 1171000 | J78: =SUM(J75:J77) -> 1171000 | K78: =SUM(K75:K77) -> 0 | L78: =SUM(L75:L77) -> 0 | M78: ='الاطار الموازنى راي الجهه عام'!I78 -> 1171000 | N78: =M78-I78 -> 0 | O78: =SUM(O75:O77) -> 1171000 | P78: =IF(O78>I78,O78-I78," ") | Q78: =IF(I78>O78,I78-O78," ") | R78: =IF(O78=0,,O78/I78) -> 1 | S78: =SUM(A78+B78+C78+D78+E78+F78+I78+J78+K78+L78+M78+O78) -> 8563489
G79: 3112010200 | H79: نوع(2)المكافأت الشاملة | P79: =IF(O79>I79,O79-I79," ") | Q79: =IF(I79>O79,I79-O79," ") | S79: =S85 -> 31622378
A80: ='الاطار الموازنى راي الجهه عام'!A80 -> 0 | B80: ='الاطار الموازنى راي الجهه عام'!B80 -> 0 | C80: ='الاطار الموازنى راي الجهه عام'!C80 -> 0 | D80: ='الاطار الموازنى راي الجهه عام'!D80 -> 0 | E80: ='الاطار الموازنى راي الجهه عام'!E80 -> 0 | F80: ='الاطار الموازنى راي الجهه عام'!F80 -> 0 | G80: 3112010201 | H80: فرع (1) مكافآت الخبراء الوطنيين | L80: =K80*2 -> 0 | M80: ='الاطار الموازنى راي الجهه عام'!I80 -> 0 | N80: =M80-I80 -> 0 | O80: 0 | P80: =IF(O80>I80,O80-I80," ") | Q80: =IF(I80>O80,I80-O80," ") | R80: =IF(O80=0,,O80/I80) -> 0 | S80: =SUM(A80+B80+C80+D80+E80+F80+I80+J80+K80+L80+M80+O80) -> 0
A81: ='الاطار الموازنى راي الجهه عام'!A81 -> 0 | B81: ='الاطار الموازنى راي الجهه عام'!B81 -> 0 | C81: ='الاطار الموازنى راي الجهه عام'!C81 -> 0 | D81: ='الاطار الموازنى راي الجهه عام'!D81 -> 0 | E81: ='الاطار الموازنى راي الجهه عام'!E81 -> 0 | F81: ='الاطار الموازنى راي الجهه عام'!F81 -> 0 | G81: 3112010202 | H81: فرع (2) مكافآت الخبراء الأجانب | L81: =K81*2 -> 0 | M81: ='الاطار الموازنى راي الجهه عام'!I81 -> 0 | N81: =M81-I81 -> 0 | O81: 0 | P81: =IF(O81>I81,O81-I81," ") | Q81: =IF(I81>O81,I81-O81," ") | R81: =IF(O81=0,,O81/I81) -> 0 | S81: =SUM(A81+B81+C81+D81+E81+F81+I81+J81+K81+L81+M81+O81) -> 0
A82: ='الاطار الموازنى راي الجهه عام'!A82 -> 720000 | B82: ='الاطار الموازنى راي الجهه عام'!B82 -> 633633 | C82: ='الاطار الموازنى راي الجهه عام'!C82 -> 675000 | D82: ='الاطار الموازنى راي الجهه عام'!D82 -> 959831 | E82: ='الاطار الموازنى راي الجهه عام'!E82 -> 1090000 | F82: ='الاطار الموازنى راي الجهه عام'!F82 -> 0 | G82: 3112010203 | H82: فرع (3) المعينون بمكافآت شاملة | I82: 1476000 | J82: 1476000 | L82: =K82*2 -> 0 | M82: ='الاطار الموازنى راي الجهه عام'!I82 -> 1476000 | N82: =M82-I82 -> 0 | O82: 1476000 | P82: =IF(O82>I82,O82-I82," ") | Q82: =IF(I82>O82,I82-O82," ") | R82: =IF(O82=0,,O82/I82) -> 1 | S82: =SUM(A82+B82+C82+D82+E82+F82+I82+J82+K82+L82+M82+O82) -> 9982464
A83: ='الاطار الموازنى راي الجهه عام'!A83 -> 1914000 | B83: ='الاطار الموازنى راي الجهه عام'!B83 -> 1878701 | C83: ='الاطار الموازنى راي الجهه عام'!C83 -> 1790000 | D83: ='الاطار الموازنى راي الجهه عام'!D83 -> 1842213 | E83: ='الاطار الموازنى راي الجهه عام'!E83 -> 2463000 | F83: ='الاطار الموازنى راي الجهه عام'!F83 -> 0 | G83: 3112010204 | H83: فرع (4) أجور الموسميين والعمالة العرضية | I83: 2938000 | J83: 2938000 | L83: =K83*2 -> 0 | M83: ='الاطار الموازنى راي الجهه عام'!I83 -> 2938000 | N83: =M83-I83 -> 0 | O83: 2938000 | P83: =IF(O83>I83,O83-I83," ") | Q83: =IF(I83>O83,I83-O83," ") | R83: =IF(O83=0,,O83/I83) -> 1 | S83: =SUM(A83+B83+C83+D83+E83+F83+I83+J83+K83+L83+M83+O83) -> 21639914
A84: ='الاطار الموازنى راي الجهه عام'!A84 -> 0 | B84: ='الاطار الموازنى راي الجهه عام'!B84 -> 0 | C84: ='الاطار الموازنى راي الجهه عام'!C84 -> 0 | D84: ='الاطار الموازنى راي الجهه عام'!D84 -> 0 | E84: ='الاطار الموازنى راي الجهه عام'!E84 -> 0 | F84: ='الاطار الموازنى راي الجهه عام'!F84 -> 0 | G84: 3112010205 | H84: فرع (5) مكافآت الصبية | L84: =K84*2 -> 0 | M84: ='الاطار الموازنى راي الجهه عام'!I84 -> 0 | N84: =M84-I84 -> 0 | O84: 0 | P84: =IF(O84>I84,O84-I84," ") | Q84: =IF(I84>O84,I84-O84," ") | R84: =IF(O84=0,,O84/I84) -> 0 | S84: =SUM(A84+B84+C84+D84+E84+F84+I84+J84+K84+L84+M84+O84) -> 0
A85: =SUM(A80:A84) -> 2634000 | B85: =SUM(B80:B84) -> 2512334 | C85: =SUM(C80:C84) -> 2465000 | D85: =SUM(D80:D84) -> 2802044 | E85: =SUM(E80:E84) -> 3553000 | F85: ='الاطار الموازنى راي الجهه عام'!F85 -> 0 | H85: جملة نوع ( 2 ) | I85: =SUM(I80:I84) -> 4414000 | J85: =SUM(J80:J84) -> 4414000 | K85: =SUM(K80:K84) -> 0 | L85: =SUM(L80:L84) -> 0 | M85: ='الاطار الموازنى راي الجهه عام'!I85 -> 4414000 | N85: =M85-I85 -> 0 | O85: =SUM(O80:O84) -> 4414000 | P85: =IF(O85>I85,O85-I85," ") | Q85: =IF(I85>O85,I85-O85," ") | R85: =IF(O85=0,,O85/I85) -> 1 | S85: =SUM(A85+B85+C85+D85+E85+F85+I85+J85+K85+L85+M85+O85) -> 31622378
A86: =A85/$A$845 -> #DIV/0! | B86: =B85/$B$845 -> #DIV/0! | C86: =C85/$C$845 -> #DIV/0! | D86: =D85/$D$845 -> #DIV/0! | E86: =E85/$E$845 -> #DIV/0! | F86: ='الاطار الموازنى راي الجهه عام'!F86 -> #DIV/0! | H86: نسبة الى مبيعات الإنتاج التام | I86: =I85/$J$845 -> #DIV/0! | J86: =J85/$J$845 -> #DIV/0! | K86: =K85/$K$845 -> #DIV/0! | L86: =L85/$L$845 -> #DIV/0! | M86: ='الاطار الموازنى راي الجهه عام'!I86 -> #DIV/0! | O86: =O85/$O$845 -> #DIV/0! | S86: 1
A87: =A85/A847 -> 0.11972727 | B87: =B85/B847 -> 0.10037758 | C87: =C85/C847 -> 0.1309916 | D87: =D85/D847 -> 0.087330868 | E87: =E85/E847 -> 0.11528977 | F87: ='الاطار الموازنى راي الجهه عام'!F87 -> #DIV/0! | H87: نسبة الى إيرادات النشاط | I87: =I85/I847 -> 0.1119651 | J87: =J85/J847 -> 0.1119651 | K87: =K85/K847 -> #DIV/0! | L87: =L85/L847 -> #DIV/0! | M87: ='الاطار الموازنى راي الجهه عام'!I87 -> 0.1119651 | O87: =O85/O847 -> 0.1119651 | S87: 1
A88: ='الاطار الموازنى راي الجهه عام'!A88 -> 189000 | B88: ='الاطار الموازنى راي الجهه عام'!B88 -> 172350 | C88: ='الاطار الموازنى راي الجهه عام'!C88 -> 216000 | D88: ='الاطار الموازنى راي الجهه عام'!D88 -> 160762 | E88: ='الاطار الموازنى راي الجهه عام'!E88 -> 300000 | F88: ='الاطار الموازنى راي الجهه عام'!F88 -> 0 | G88: 3112010301 | H88: نوع (3) تكاليف المعارين وتتحمل الهيئة / الشركة بمرتباتهم | I88: 300000 | J88: 300000 | L88: =K88*2 -> 0 | M88: ='الاطار الموازنى راي الجهه عام'!I88 -> 300000 | N88: =M88-I88 -> 0 | O88: 300000 | P88: =IF(O88>I88,O88-I88," ") | Q88: =IF(I88>O88,I88-O88," ") | R88: =IF(O88=0,,O88/I88) -> 1 | S88: =SUM(A88+B88+C88+D88+E88+F88+I88+J88+K88+L88+M88+O88) -> 2238112
A89: ='الاطار الموازنى راي الجهه عام'!A89 -> 0 | B89: ='الاطار الموازنى راي الجهه عام'!B89 -> 0 | C89: ='الاطار الموازنى راي الجهه عام'!C89 -> 0 | D89: ='الاطار الموازنى راي الجهه عام'!D89 -> 0 | E89: ='الاطار الموازنى راي الجهه عام'!E89 -> 0 | F89: ='الاطار الموازنى راي الجهه عام'!F89 -> 0 | G89: 3112010401 | H89: نوع (4) تكاليف الأجازات الدراسية و المنح التدريبية | L89: =K89*2 -> 0 | M89: ='الاطار الموازنى راي الجهه عام'!I89 -> 0 | N89: =M89-I89 -> 0 | P89: =IF(O89>I89,O89-I89," ") | Q89: =IF(I89>O89,I89-O89," ") | R89: =IF(O89=0,,O89/I89) -> 0 | S89: =SUM(A89+B89+C89+D89+E89+F89+I89+J89+K89+L89+M89+O89) -> 0
G90: 3112010500 | H90: نوع (5) المكافآت | P90: =IF(O90>I90,O90-I90," ") | Q90: =IF(I90>O90,I90-O90," ") | S90: =S108 -> 77422499
A91: ='الاطار الموازنى راي الجهه عام'!A91 -> 1518000 | B91: ='الاطار الموازنى راي الجهه عام'!B91 -> 1114802 | C91: ='الاطار الموازنى راي الجهه عام'!C91 -> 1736000 | D91: ='الاطار الموازنى راي الجهه عام'!D91 -> 822068 | E91: ='الاطار الموازنى راي الجهه عام'!E91 -> 1600000 | F91: ='الاطار الموازنى راي الجهه عام'!F91 -> 0 | G91: 3112010501 | H91: فرع (1) تعويض العاملين عن جهود غير عادية | I91: 1550000 | J91: 1550000 | L91: =K91*2 -> 0 | M91: ='الاطار الموازنى راي الجهه عام'!I91 -> 1550000 | N91: =M91-I91 -> 0 | O91: 1550000 | P91: =IF(O91>I91,O91-I91," ") | Q91: =IF(I91>O91,I91-O91," ") | R91: =IF(O91=0,,O91/I91) -> 1 | S91: =SUM(A91+B91+C91+D91+E91+F91+I91+J91+K91+L91+M91+O91) -> 12990870
A92: ='الاطار الموازنى راي الجهه عام'!A92 -> 919000 | B92: ='الاطار الموازنى راي الجهه عام'!B92 -> 610929 | C92: ='الاطار الموازنى راي الجهه عام'!C92 -> 1068000 | D92: ='الاطار الموازنى راي الجهه عام'!D92 -> 522412 | E92: ='الاطار الموازنى راي الجهه عام'!E92 -> 980000 | F92: ='الاطار الموازنى راي الجهه عام'!F92 -> 0 | G92: 3112010502 | H92: فرع (2) مكافآت عن أعمال إضافية | I92: 927000 | J92: 927000 | L92: =K92*2 -> 0 | M92: ='الاطار الموازنى راي الجهه عام'!I92 -> 927000 | N92: =M92-I92 -> 0 | O92: 927000 | P92: =IF(O92>I92,O92-I92," ") | Q92: =IF(I92>O92,I92-O92," ") | R92: =IF(O92=0,,O92/I92) -> 1 | S92: =SUM(A92+B92+C92+D92+E92+F92+I92+J92+K92+L92+M92+O92) -> 7808341
A93: ='الاطار الموازنى راي الجهه عام'!A93 -> 0 | B93: ='الاطار الموازنى راي الجهه عام'!B93 -> 0 | C93: ='الاطار الموازنى راي الجهه عام'!C93 -> 0 | D93: ='الاطار الموازنى راي الجهه عام'!D93 -> 0 | E93: ='الاطار الموازنى راي الجهه عام'!E93 -> 0 | F93: ='الاطار الموازنى راي الجهه عام'!F93 -> 0 | G93: 3112010503 | H93: فرع (3) مكافآت طوارئ للعسكريين أو المجندين | I93: 0 | J93: 0 | L93: =K93*2 -> 0 | M93: ='الاطار الموازنى راي الجهه عام'!I93 -> 0 | N93: =M93-I93 -> 0 | O93: 0 | P93: =IF(O93>I93,O93-I93," ") | Q93: =IF(I93>O93,I93-O93," ") | R93: =IF(O93=0,,O93/I93) -> 0 | S93: =SUM(A93+B93+C93+D93+E93+F93+I93+J93+K93+L93+M93+O93) -> 0
A94: ='الاطار الموازنى راي الجهه عام'!A94 -> 1176000 | B94: ='الاطار الموازنى راي الجهه عام'!B94 -> 1174027 | C94: ='الاطار الموازنى راي الجهه عام'!C94 -> 1368000 | D94: ='الاطار الموازنى راي الجهه عام'!D94 -> 1310260 | E94: ='الاطار الموازنى راي الجهه عام'!E94 -> 2100000 | F94: ='الاطار الموازنى راي الجهه عام'!F94 -> 0 | G94: 3112010504 | H94: فرع (4) مكافآت إنتاجية و تشجيعية | I94: 2810000 | J94: 2810000 | L94: =K94*2 -> 0 | M94: ='الاطار الموازنى راي الجهه عام'!I94 -> 2810000 | N94: =M94-I94 -> 0 | O94: 2810000 | P94: =IF(O94>I94,O94-I94," ") | Q94: =IF(I94>O94,I94-O94," ") | R94: =IF(O94=0,,O94/I94) -> 1 | S94: =SUM(A94+B94+C94+D94+E94+F94+I94+J94+K94+L94+M94+O94) -> 18368287
A95: ='الاطار الموازنى راي الجهه عام'!A95 -> 1578000 | B95: ='الاطار الموازنى راي الجهه عام'!B95 -> 1091871 | C95: ='الاطار الموازنى راي الجهه عام'!C95 -> 1758000 | D95: ='الاطار الموازنى راي الجهه عام'!D95 -> 1123286 | E95: ='الاطار الموازنى راي الجهه عام'!E95 -> 1695000 | F95: ='الاطار الموازنى راي الجهه عام'!F95 -> 0 | G95: 3112010505 | H95: فرع (5) حوافز للعاملين | I95: 1893000 | J95: 1893000 | L95: =K95*2 -> 0 | M95: ='الاطار الموازنى راي الجهه عام'!I95 -> 1893000 | N95: =M95-I95 -> 0 | O95: 1893000 | P95: =IF(O95>I95,O95-I95," ") | Q95: =IF(I95>O95,I95-O95," ") | R95: =IF(O95=0,,O95/I95) -> 1 | S95: =SUM(A95+B95+C95+D95+E95+F95+I95+J95+K95+L95+M95+O95) -> 14818157
A96: ='الاطار الموازنى راي الجهه عام'!A96 -> 660000 | B96: ='الاطار الموازنى راي الجهه عام'!B96 -> 308607 | C96: ='الاطار الموازنى راي الجهه عام'!C96 -> 660000 | D96: ='الاطار الموازنى راي الجهه عام'!D96 -> 342190 | E96: ='الاطار الموازنى راي الجهه عام'!E96 -> 660000 | F96: ='الاطار الموازنى راي الجهه عام'!F96 -> 0 | G96: 3112010506 | H96: فرع (6) مكافآت حضور جلسات و لجان | I96: 660000 | J96: 660000 | L96: =K96*2 -> 0 | M96: ='الاطار الموازنى راي الجهه عام'!I96 -> 660000 | N96: =M96-I96 -> 0 | O96: 660000 | P96: =IF(O96>I96,O96-I96," ") | Q96: =IF(I96>O96,I96-O96," ") | R96: =IF(O96=0,,O96/I96) -> 1 | S96: =SUM(A96+B96+C96+D96+E96+F96+I96+J96+K96+L96+M96+O96) -> 5270797
A97: ='الاطار الموازنى راي الجهه عام'!A97 -> 0 | B97: ='الاطار الموازنى راي الجهه عام'!B97 -> 0 | C97: ='الاطار الموازنى راي الجهه عام'!C97 -> 0 | D97: ='الاطار الموازنى راي الجهه عام'!D97 -> 0 | E97: ='الاطار الموازنى راي الجهه عام'!E97 -> 0 | F97: ='الاطار الموازنى راي الجهه عام'!F97 -> 0 | G97: 3112010507 | H97: فرع (7) مكافآت تدريس و إشراف و امتحانات | I97: 0 | J97: 0 | L97: =K97*2 -> 0 | M97: ='الاطار الموازنى راي الجهه عام'!I97 -> 0 | N97: =M97-I97 -> 0 | O97: 0 | P97: =IF(O97>I97,O97-I97," ") | Q97: =IF(I97>O97,I97-O97," ") | R97: =IF(O97=0,,O97/I97) -> 0 | S97: =SUM(A97+B97+C97+D97+E97+F97+I97+J97+K97+L97+M97+O97) -> 0
A98: ='الاطار الموازنى راي الجهه عام'!A98 -> 0 | B98: ='الاطار الموازنى راي الجهه عام'!B98 -> 0 | C98: ='الاطار الموازنى راي الجهه عام'!C98 -> 0 | D98: ='الاطار الموازنى راي الجهه عام'!D98 -> 0 | E98: ='الاطار الموازنى راي الجهه عام'!E98 -> 0 | F98: ='الاطار الموازنى راي الجهه عام'!F98 -> 0 | G98: 3112010508 | H98: فرع (8) مكافآت تدريب | I98: 0 | J98: 0 | L98: =K98*2 -> 0 | M98: ='الاطار الموازنى راي الجهه عام'!I98 -> 0 | N98: =M98-I98 -> 0 | O98: 0 | P98: =IF(O98>I98,O98-I98," ") | Q98: =IF(I98>O98,I98-O98," ") | R98: =IF(O98=0,,O98/I98) -> 0 | S98: =SUM(A98+B98+C98+D98+E98+F98+I98+J98+K98+L98+M98+O98) -> 0
A99: ='الاطار الموازنى راي الجهه عام'!A99 -> 0 | B99: ='الاطار الموازنى راي الجهه عام'!B99 -> 0 | C99: ='الاطار الموازنى راي الجهه عام'!C99 -> 0 | D99: ='الاطار الموازنى راي الجهه عام'!D99 -> 0 | E99: ='الاطار الموازنى راي الجهه عام'!E99 -> 0 | F99: ='الاطار الموازنى راي الجهه عام'!F99 -> 0 | G99: 3112010509 | H99: فرع (9) مكافآت محو الأمية | I99: 0 | J99: 0 | L99: =K99*2 -> 0 | M99: ='الاطار الموازنى راي الجهه عام'!I99 -> 0 | N99: =M99-I99 -> 0 | O99: 0 | P99: =IF(O99>I99,O99-I99," ") | Q99: =IF(I99>O99,I99-O99," ") | R99: =IF(O99=0,,O99/I99) -> 0 | S99: =SUM(A99+B99+C99+D99+E99+F99+I99+J99+K99+L99+M99+O99) -> 0
A100: ='الاطار الموازنى راي الجهه عام'!A100 -> 200000 | B100: ='الاطار الموازنى راي الجهه عام'!B100 -> 191304 | C100: ='الاطار الموازنى راي الجهه عام'!C100 -> 200000 | D100: ='الاطار الموازنى راي الجهه عام'!D100 -> 103105 | E100: ='الاطار الموازنى راي الجهه عام'!E100 -> 200000 | F100: ='الاطار الموازنى راي الجهه عام'!F100 -> 0 | G100: 3112010510 | H100: فرع (10) مكافآت عن أعمال أخري | I100: 200000 | J100: 200000 | L100: =K100*2 -> 0 | M100: ='الاطار الموازنى راي الجهه عام'!I100 -> 200000 | N100: =M100-I100 -> 0 | O100: 200000 | P100: =IF(O100>I100,O100-I100," ") | Q100: =IF(I100>O100,I100-O100," ") | R100: =IF(O100=0,,O100/I100) -> 1 | S100: =SUM(A100+B100+C100+D100+E100+F100+I100+J100+K100+L100+M100+O100) -> 1694409
...

Sheet موازنة 2027-2028 
A1: مشروع موازنة السنة المالية 2027/ 2028
D2: ='موازنة 2026-2027'!D2:O2 -> جهاز تنمية شبه جزيرة سيناء | P2: " القيمة بالجنيه "
A3: موازنة السنة المالية 2021/ 2022 | C3: موازنة السنة المالية 2022/ 2023 | E3: موازنة السنة المالية 2024/ 2025 | G3: الكود الاقتصادى | H3: البيان | I3: مقترح موازنة 2026/ 2027 | M3: مقترح الجهه | N3: الزيادة في راي الجهة | O3: موازنة العام المالى 2027/ 2028 | P3: التغير | R3: النسبة
A4: ربط | B4: ختامي | C4: ربط | D4: ختامي | E4: ربط | F4: ختامي | P4: الزيادة | Q4: الخفض
G5: 3110000000 | H5: التكاليف و المصروفات | S5: =S437 -> 108824000
G6: 3111000000 | H6: مجموعة (1) خامات ومواد ووقود وقطع غيار | S6: =S70 -> 5965000
G7: 3111010000 | H7: بند 1 - خامات ومدخلات انتاج | S7: =S21 -> 0
G8: 3111010100 | H8: نوع(1) خامات | S8: =S12 -> 0
G9: 3111010101 | H9: فرع (1) خامات رئيسية | I9: ='موازنة 2026-2027'!M9 -> 0 | L9: =K9*2 -> 0 | M9: ='الاطار الموازنى راي الجهه عام'!J9 -> 0 | N9: =M9-I9 -> 0 | P9: =IF(O9>I9,O9-I9," ") | Q9: =IF(I9>O9,I9-O9," ") | R9: =IF(O9=0,,O9/I9) -> 0 | S9: =SUM(A9+B9+C9+D9+E9+F9+I9+J9+K9+L9+M9+O9) -> 0
G10: 3111010102 | H10: فرع (2) خامات مساعدة | I10: ='موازنة 2026-2027'!M10 -> 0 | L10: =K10*2 -> 0 | M10: ='الاطار الموازنى راي الجهه عام'!J10 -> 0 | N10: =M10-I10 -> 0 | P10: =IF(O10>I10,O10-I10," ") | Q10: =IF(I10>O10,I10-O10," ") | R10: =IF(O10=0,,O10/I10) -> 0 | S10: =SUM(A10+B10+C10+D10+E10+F10+I10+J10+K10+L10+M10+O10) -> 0
G11: 3111010103 | H11: فرع (3) أخرى | I11: ='موازنة 2026-2027'!M11 -> 0 | L11: =K11*2 -> 0 | M11: ='الاطار الموازنى راي الجهه عام'!J11 -> 0 | N11: =M11-I11 -> 0 | P11: =IF(O11>I11,O11-I11," ") | Q11: =IF(I11>O11,I11-O11," ") | R11: =IF(O11=0,,O11/I11) -> 0 | S11: =SUM(A11+B11+C11+D11+E11+F11+I11+J11+K11+L11+M11+O11) -> 0
A12: =SUM(A9:A11) -> 0 | B12: =SUM(B9:B11) -> 0 | C12: =SUM(C9:C11) -> 0 | D12: =SUM(D9:D11) -> 0 | E12: =SUM(E9:E11) -> 0 | F12: =SUM(F9:F11) -> 0 | H12: جملة نوع ( 1 ) | I12: =SUM(I9:I11) -> 0 | J12: =SUM(J9:J11) -> 0 | K12: =SUM(K9:K11) -> 0 | L12: =SUM(L9:L11) -> 0 | M12: ='الاطار الموازنى راي الجهه عام'!J12 -> 0 | N12: =M12-I12 -> 0 | O12: =SUM(O9:O11) -> 0 | P12: =IF(O12>I12,O12-I12," ") | Q12: =IF(I12>O12,I12-O12," ") | R12: =IF(O12=0,,O12/I12) -> 0 | S12: =SUM(A12+B12+C12+D12+E12+F12+I12+J12+K12+L12+M12+O12) -> 0
A13: =A12/A847 -> #DIV/0! | B13: =B12/B847 -> #DIV/0! | C13: =C12/C847 -> #DIV/0! | D13: =D12/D847 -> #DIV/0! | E13: =E12/E847 -> #DIV/0! | F13: =F12/F847 -> #DIV/0! | H13: نسبة الى إيرادات النشاط | I13: =I12/I847 -> 0 | J13: =J12/J847 -> #DIV/0! | K13: =K12/K847 -> #DIV/0! | L13: =L12/L847 -> #DIV/0! | M13: ='الاطار الموازنى راي الجهه عام'!J13 -> 0 | O13: =O12/O847 -> 0 | S13: 1
G14: 3111010200 | H14: نوع(2) مدخلات أنتاج | M14: ='الاطار الموازنى راي الجهه عام'!J14 -> 0 | N14: =M14-I14 -> 0 | P14: =IF(O14>I14,O14-I14," ") | Q14: =IF(I14>O14,I14-O14," ") | S14: =S19 -> 0
G15: 3111010201 | H15: فرع (1) ألأراضي المستخدمة في تنفيذ مشروعات التعمير والإسكان التي يتم بيعها مع الوحدات السكنية المقامة عليها | I15: ='موازنة 2026-2027'!M15 -> 0 | L15: =K15*2 -> 0 | M15: ='الاطار الموازنى راي الجهه عام'!J15 -> 0 | N15: =M15-I15 -> 0 | P15: =IF(O15>I15,O15-I15," ") | Q15: =IF(I15>O15,I15-O15," ") | R15: =IF(O15=0,,O15/I15) -> 0 | S15: =SUM(A15+B15+C15+D15+E15+F15+I15+J15+K15+L15+M15+O15) -> 0
G16: 3111010202 | H16: فرع (2) ألأراضي المخصصة لمشروعات الاستصلاح والاستزراع التي يتم تنفيذها بغرض البيع للغير | I16: ='موازنة 2026-2027'!M16 -> 0 | L16: =K16*2 -> 0 | M16: ='الاطار الموازنى راي الجهه عام'!J16 -> 0 | N16: =M16-I16 -> 0 | P16: =IF(O16>I16,O16-I16," ") | Q16: =IF(I16>O16,I16-O16," ") | R16: =IF(O16=0,,O16/I16) -> 0 | S16: =SUM(A16+B16+C16+D16+E16+F16+I16+J16+K16+L16+M16+O16) -> 0
G17: 3111010203 | H17: فرع (3) مخلفات إنتاج يتم تشغيلها مرة أخري | I17: ='موازنة 2026-2027'!M17 -> 0 | L17: =K17*2 -> 0 | M17: ='الاطار الموازنى راي الجهه عام'!J17 -> 0 | N17: =M17-I17 -> 0 | P17: =IF(O17>I17,O17-I17," ") | Q17: =IF(I17>O17,I17-O17," ") | R17: =IF(O17=0,,O17/I17) -> 0 | S17: =SUM(A17+B17+C17+D17+E17+F17+I17+J17+K17+L17+M17+O17) -> 0
G18: 3111010204 | H18: فرع (4) مخلفات إنتاج أخري | I18: ='موازنة 2026-2027'!M18 -> 0 | L18: =K18*2 -> 0 | M18: ='الاطار الموازنى راي الجهه عام'!J18 -> 0 | N18: =M18-I18 -> 0 | P18: =IF(O18>I18,O18-I18," ") | Q18: =IF(I18>O18,I18-O18," ") | R18: =IF(O18=0,,O18/I18) -> 0 | S18: =SUM(A18+B18+C18+D18+E18+F18+I18+J18+K18+L18+M18+O18) -> 0
A19: =SUM(A15:A18) -> 0 | B19: =SUM(B15:B18) -> 0 | C19: =SUM(C15:C18) -> 0 | D19: =SUM(D15:D18) -> 0 | E19: =SUM(E15:E18) -> 0 | F19: =SUM(F15:F18) -> 0 | H19: جملة نوع ( 2 ) | I19: =SUM(I15:I18) -> 0 | J19: =SUM(J15:J18) -> 0 | K19: =SUM(K15:K18) -> 0 | L19: =SUM(L15:L18) -> 0 | M19: ='الاطار الموازنى راي الجهه عام'!J19 -> 0 | N19: =M19-I19 -> 0 | O19: =SUM(O15:O18) -> 0 | P19: =IF(O19>I19,O19-I19," ") | Q19: =IF(I19>O19,I19-O19," ") | R19: =IF(O19=0,,O19/I19) -> 0 | S19: =SUM(A19+B19+C19+D19+E19+F19+I19+J19+K19+L19+M19+O19) -> 0
A20: =A19/A847 -> #DIV/0! | B20: =B19/B847 -> #DIV/0! | C20: =C19/C847 -> #DIV/0! | D20: =D19/D847 -> #DIV/0! | E20: =E19/E847 -> #DIV/0! | F20: =F19/F847 -> #DIV/0! | H20: نسبة الى إيرادات النشاط | I20: =I19/I847 -> 0 | J20: =J19/J847 -> #DIV/0! | K20: =K19/K847 -> #DIV/0! | L20: =L19/L847 -> #DIV/0! | M20: ='الاطار الموازنى راي الجهه عام'!J20 -> 0 | O20: =O19/O847 -> 0 | S20: 1
A21: =A12+A19 -> 0 | B21: =B12+B19 -> 0 | C21: =C12+C19 -> 0 | D21: =D12+D19 -> 0 | E21: =E12+E19 -> 0 | F21: =F12+F19 -> 0 | H21: جملة بند 1 - خامات ومدخلات انتاج | I21: =I12+I19 -> 0 | J21: =J12+J19 -> 0 | K21: =K12+K19 -> 0 | L21: =K21*2 -> 0 | M21: ='الاطار الموازنى راي الجهه عام'!J21 -> 0 | N21: =M21-I21 -> 0 | O21: =O12+O19 -> 0 | P21: =IF(O21>I21,O21-I21," ") | Q21: =IF(I21>O21,I21-O21," ") | R21: =IF(O21=0,,O21/I21) -> 0 | S21: =SUM(A21+B21+C21+D21+E21+F21+I21+J21+K21+L21+M21+O21) -> 0
G22: 3111020000 | H22: بند 2 وقود وزيوت | M22: ='الاطار الموازنى راي الجهه عام'!J22 -> 0 | P22: =IF(O22>I22,O22-I22," ") | Q22: =IF(I22>O22,I22-O22," ") | S22: =S40 -> 1928000
G23: 3111020101 | H23: نوع (1) فحومات | I23: ='موازنة 2026-2027'!M23 -> 0 | L23: =K23*2 -> 0 | M23: ='الاطار الموازنى راي الجهه عام'!J23 -> 0 | N23: =M23-I23 -> 0 | P23: =IF(O23>I23,O23-I23," ") | Q23: =IF(I23>O23,I23-O23," ") | R23: =IF(O23=0,,O23/I23) -> 0 | S23: =SUM(A23+B23+C23+D23+E23+F23+I23+J23+K23+L23+M23+O23) -> 0
G24: 3111020200 | H24: نوع (2) مواد بترولية | M24: ='الاطار الموازنى راي الجهه عام'!J24 -> 0 | P24: =IF(O24>I24,O24-I24," ") | Q24: =IF(I24>O24,I24-O24," ") | S24: =S27 -> 1633000
G25: 3111020201 | H25: فرع (1) مواد بترولية للتشغيل | I25: ='موازنة 2026-2027'!M25 -> 0 | L25: =K25*2 -> 0 | M25: ='الاطار الموازنى راي الجهه عام'!J25 -> 0 | N25: =M25-I25 -> 0 | P25: =IF(O25>I25,O25-I25," ") | Q25: =IF(I25>O25,I25-O25," ") | R25: =IF(O25=0,,O25/I25) -> 0 | S25: =SUM(A25+B25+C25+D25+E25+F25+I25+J25+K25+L25+M25+O25) -> 0
G26: 3111020202 | H26: فرع (2) مواد بترولية لسيارات الركوب | I26: ='موازنة 2026-2027'!M26 -> 495000 | L26: =K26*2 -> 0 | M26: ='الاطار الموازنى راي الجهه عام'!J26 -> 569000 | N26: =M26-I26 -> 74000 | O26: 569000 | P26: =IF(O26>I26,O26-I26," ") -> 74000 | Q26: =IF(I26>O26,I26-O26," ") | R26: =IF(O26=0,,O26/I26) -> 1.1494949 | S26: =SUM(A26+B26+C26+D26+E26+F26+I26+J26+K26+L26+M26+O26) -> 1633000
A27: =SUM(A25:A26) -> 0 | B27: =SUM(B25:B26) -> 0 | C27: =SUM(C25:C26) -> 0 | D27: =SUM(D25:D26) -> 0 | E27: =SUM(E25:E26) -> 0 | F27: =SUM(F25:F26) -> 0 | H27: جملة نوع ( 2 ) | I27: =SUM(I25:I26) -> 495000 | J27: =SUM(J25:J26) -> 0 | K27: =SUM(K25:K26) -> 0 | L27: =SUM(L25:L26) -> 0 | M27: ='الاطار الموازنى راي الجهه عام'!J27 -> 569000 | N27: =M27-I27 -> 74000 | O27: =SUM(O25:O26) -> 569000 | P27: =IF(O27>I27,O27-I27," ") -> 74000 | Q27: =IF(I27>O27,I27-O27," ") | R27: =IF(O27=0,,O27/I27) -> 1.1494949 | S27: =SUM(A27+B27+C27+D27+E27+F27+I27+J27+K27+L27+M27+O27) -> 1633000
A28: =A27/A847 -> #DIV/0! | B28: =B27/B847 -> #DIV/0! | C28: =C27/C847 -> #DIV/0! | D28: =D27/D847 -> #DIV/0! | E28: =E27/E847 -> #DIV/0! | F28: =F27/F847 -> #DIV/0! | H28: نسبة الى إيرادات النشاط | I28: =I27/I847 -> 0.012556122 | J28: =J27/J847 -> #DIV/0! | K28: =K27/K847 -> #DIV/0! | L28: =L27/L847 -> #DIV/0! | M28: ='الاطار الموازنى راي الجهه عام'!J28 -> 0.012499176 | O28: =O27/O847 -> 0.012499176 | S28: 1
G29: 3111020300 | H29: نوع (3) مواد تزييت و تشحيم | M29: ='الاطار الموازنى راي الجهه عام'!J29 -> 0 | P29: =IF(O29>I29,O29-I29," ") | Q29: =IF(I29>O29,I29-O29," ") | S29: =S32 -> 272000
G30: 3111020301 | H30: فرع (1) مواد تزييت و شحومات للتشغيل | I30: ='موازنة 2026-2027'!M30 -> 0 | L30: =K30*2 -> 0 | M30: ='الاطار الموازنى راي الجهه عام'!J30 -> 0 | N30: =M30-I30 -> 0 | P30: =IF(O30>I30,O30-I30," ") | Q30: =IF(I30>O30,I30-O30," ") | R30: =IF(O30=0,,O30/I30) -> 0 | S30: =SUM(A30+B30+C30+D30+E30+F30+I30+J30+K30+L30+M30+O30) -> 0
G31: 3111020302 | H31: فرع (2) مواد تزييت وشحومات لسيارات الركوب | I31: ='موازنة 2026-2027'!M31 -> 82000 | L31: =K31*2 -> 0 | M31: ='الاطار الموازنى راي الجهه عام'!J31 -> 95000 | N31: =M31-I31 -> 13000 | O31: 95000 | P31: =IF(O31>I31,O31-I31," ") -> 13000 | Q31: =IF(I31>O31,I31-O31," ") | R31: =IF(O31=0,,O31/I31) -> 1.1585366 | S31: =SUM(A31+B31+C31+D31+E31+F31+I31+J31+K31+L31+M31+O31) -> 272000
A32: =SUM(A30:A31) -> 0 | B32: =SUM(B30:B31) -> 0 | C32: =SUM(C30:C31) -> 0 | D32: =SUM(D30:D31) -> 0 | E32: =SUM(E30:E31) -> 0 | F32: =SUM(F30:F31) -> 0 | H32: جملة نوع ( 3 ) | I32: =SUM(I30:I31) -> 82000 | J32: =SUM(J30:J31) -> 0 | K32: =SUM(K30:K31) -> 0 | L32: =SUM(L30:L31) -> 0 | M32: ='الاطار الموازنى راي الجهه عام'!J32 -> 95000 | N32: =M32-I32 -> 13000 | O32: =SUM(O30:O31) -> 95000 | P32: =IF(O32>I32,O32-I32," ") -> 13000 | Q32: =IF(I32>O32,I32-O32," ") | R32: =IF(O32=0,,O32/I32) -> 1.1585366 | S32: =SUM(A32+B32+C32+D32+E32+F32+I32+J32+K32+L32+M32+O32) -> 272000
A33: =A32/A847 -> #DIV/0! | B33: =B32/B847 -> #DIV/0! | C33: =C32/C847 -> #DIV/0! | D33: =D32/D847 -> #DIV/0! | E33: =E32/E847 -> #DIV/0! | F33: =F32/F847 -> #DIV/0! | H33: نسبة الى إيرادات النشاط | I33: =I32/I847 -> 0.0020800041 | J33: =J32/J847 -> #DIV/0! | K33: =K32/K847 -> #DIV/0! | L33: =L32/L847 -> #DIV/0! | M33: ='الاطار الموازنى راي الجهه عام'!J33 -> 0.0020868572 | O33: =O32/O847 -> 0.0020868572 | S33: 1
G34: 3111020400 | H34: نوع (4) غاز | M34: ='الاطار الموازنى راي الجهه عام'!J34 -> 0 | P34: =IF(O34>I34,O34-I34," ") | Q34: =IF(I34>O34,I34-O34," ") | S34: =S36 -> 0
G35: 3111020401 | H35: فرع (1) غاز للتشغيل | I35: ='موازنة 2026-2027'!M35 -> 7000 | L35: =K35*2 -> 0 | M35: ='الاطار الموازنى راي الجهه عام'!J35 -> 8000 | N35: =M35-I35 -> 1000 | O35: 8000 | P35: =IF(O35>I35,O35-I35," ") -> 1000 | Q35: =IF(I35>O35,I35-O35," ") | R35: =IF(O35=0,,O35/I35) -> 1.1428571 | S35: =SUM(A35+B35+C35+D35+E35+F35+I35+J35+K35+L35+M35+O35) -> 23000
G36: 3111020402 | H36: فرع (2) غاز لسيارات الركوب | I36: ='موازنة 2026-2027'!M36 -> 0 | L36: =K36*2 -> 0 | M36: ='الاطار الموازنى راي الجهه عام'!J36 -> 0 | N36: =M36-I36 -> 0 | P36: =IF(O36>I36,O36-I36," ") | Q36: =IF(I36>O36,I36-O36," ") | R36: =IF(O36=0,,O36/I36) -> 0 | S36: =SUM(A36+B36+C36+D36+E36+F36+I36+J36+K36+L36+M36+O36) -> 0
A37: =SUM(A35:A36) -> 0 | B37: =SUM(B35:B36) -> 0 | C37: =SUM(C35:C36) -> 0 | D37: =SUM(D35:D36) -> 0 | E37: =SUM(E35:E36) -> 0 | F37: =SUM(F35:F36) -> 0 | H37: جملة نوع ( 4 ) | I37: =SUM(I35:I36) -> 7000 | J37: =SUM(J35:J36) -> 0 | K37: =SUM(K35:K36) -> 0 | L37: =SUM(L35:L36) -> 0 | M37: ='الاطار الموازنى راي الجهه عام'!J37 -> 8000 | N37: =M37-I37 -> 1000 | O37: =SUM(O35:O36) -> 8000 | P37: =IF(O37>I37,O37-I37," ") -> 1000 | Q37: =IF(I37>O37,I37-O37," ") | R37: =IF(O37=0,,O37/I37) -> 1.1428571 | S37: =SUM(A37+B37+C37+D37+E37+F37+I37+J37+K37+L37+M37+O37) -> 23000
A38: =A37/A847 -> #DIV/0! | B38: =B37/B847 -> #DIV/0! | C38: =C37/C847 -> #DIV/0! | D38: =D37/D847 -> #DIV/0! | E38: =E37/E847 -> #DIV/0! | F38: =F37/F847 -> #DIV/0! | H38: نسبة الى إيرادات النشاط | I38: =I37/I847 -> 0.00017756132 | J38: =J37/J847 -> #DIV/0! | K38: =K37/K847 -> #DIV/0! | L38: =L37/L847 -> #DIV/0! | M38: ='الاطار الموازنى راي الجهه عام'!J38 -> 0.00017573534 | O38: =O37/O847 -> 0.00017573534 | S38: 1
G39: 3111020501 | H39: نوع(5) أخرى | I39: ='موازنة 2026-2027'!M39 -> 0 | L39: =K39*2 -> 0 | M39: ='الاطار الموازنى راي الجهه عام'!J39 -> 0 | N39: =M39-I39 -> 0 | P39: =IF(O39>I39,O39-I39," ") | Q39: =IF(I39>O39,I39-O39," ") | R39: =IF(O39=0,,O39/I39) -> 0 | S39: =SUM(A39+B39+C39+D39+E39+F39+I39+J39+K39+L39+M39+O39) -> 0
A40: =A23+A27+A32+A37+A39 -> 0 | B40: =B23+B27+B32+B37+B39 -> 0 | C40: =C23+C27+C32+C37+C39 -> 0 | D40: =D23+D27+D32+D37+D39 -> 0 | E40: =E23+E27+E32+E37+E39 -> 0 | F40: =F23+F27+F32+F37+F39 -> 0 | H40: جملة بند (2) وقود وزيوت | I40: =I23+I27+I32+I37+I39 -> 584000 | J40: =J23+J27+J32+J37+J39 -> 0 | K40: =K23+K27+K32+K37+K39 -> 0 | L40: =L23+L27+L32+L37+L39 -> 0 | M40: ='الاطار الموازنى راي الجهه عام'!J40 -> 672000 | N40: =M40-I40 -> 88000 | O40: =O23+O27+O32+O37+O39 -> 672000 | P40: =IF(O40>I40,O40-I40," ") -> 88000 | Q40: =IF(I40>O40,I40-O40," ") | R40: =IF(O40=0,,O40/I40) -> 1.1506849 | S40: =SUM(A40+B40+C40+D40+E40+F40+I40+J40+K40+L40+M40+O40) -> 1928000
A41: =A40/A847 -> #DIV/0! | B41: =B40/B847 -> #DIV/0! | C41: =C40/C847 -> #DIV/0! | D41: =D40/D847 -> #DIV/0! | E41: =E40/E847 -> #DIV/0! | F41: =F40/F847 -> #DIV/0! | H41: نسبة الى إيرادات النشاط | I41: =I40/I847 -> 0.014813687 | J41: =J40/J847 -> #DIV/0! | K41: =K40/K847 -> #DIV/0! | L41: =L40/L847 -> #DIV/0! | M41: ='الاطار الموازنى راي الجهه عام'!J41 -> 0.014761769 | N41: =N40/N847 -> 0.01442623 | O41: =O40/O847 -> 0.014761769 | S41: 1
G42: 3111030000 | H42: بند 3 قطع غيار ومهمات | M42: ='الاطار الموازنى راي الجهه عام'!J42 -> 0 | P42: =IF(O42>I42,O42-I42," ") | Q42: =IF(I42>O42,I42-O42," ") | S42: =S45 -> 1543000
G43: 3111030101 | H43: نوع(1) قطع غيار ومواد للصيانة | I43: ='موازنة 2026-2027'!M43 -> 192000 | L43: =K43*2 -> 0 | M43: ='الاطار الموازنى راي الجهه عام'!J43 -> 222000 | N43: =M43-I43 -> 30000 | O43: 222000 | P43: =IF(O43>I43,O43-I43," ") -> 30000 | Q43: =IF(I43>O43,I43-O43," ") | R43: =IF(O43=0,,O43/I43) -> 1.15625 | S43: =SUM(A43+B43+C43+D43+E43+F43+I43+J43+K43+L43+M43+O43) -> 636000
G44: 3111030201 | H44: نوع(2) مواد ومهمات متنوعة | I44: ='موازنة 2026-2027'!M44 -> 275000 | L44: =K44*2 -> 0 | M44: ='الاطار الموازنى راي الجهه عام'!J44 -> 316000 | N44: =M44-I44 -> 41000 | O44: 316000 | P44: =IF(O44>I44,O44-I44," ") -> 41000 | Q44: =IF(I44>O44,I44-O44," ") | R44: =IF(O44=0,,O44/I44) -> 1.1490909 | S44: =SUM(A44+B44+C44+D44+E44+F44+I44+J44+K44+L44+M44+O44) -> 907000
A45: =SUM(A43:A44) -> 0 | B45: =SUM(B43:B44) -> 0 | C45: =SUM(C43:C44) -> 0 | D45: =SUM(D43:D44) -> 0 | E45: =SUM(E43:E44) -> 0 | F45: =SUM(F43:F44) -> 0 | H45: جملة بند (3) قطع غيار ومهمات | I45: =SUM(I43:I44) -> 467000 | J45: =SUM(J43:J44) -> 0 | K45: =SUM(K43:K44) -> 0 | L45: =SUM(L43:L44) -> 0 | M45: ='الاطار الموازنى راي الجهه عام'!J45 -> 538000 | N45: =M45-I45 -> 71000 | O45: =SUM(O43:O44) -> 538000 | P45: =IF(O45>I45,O45-I45," ") -> 71000 | Q45: =IF(I45>O45,I45-O45," ") | R45: =IF(O45=0,,O45/I45) -> 1.1520343 | S45: =SUM(A45+B45+C45+D45+E45+F45+I45+J45+K45+L45+M45+O45) -> 1543000
A46: =A45/A847 -> #DIV/0! | B46: =B45/B847 -> #DIV/0! | C46: =C45/C847 -> #DIV/0! | D46: =D45/D847 -> #DIV/0! | E46: =E45/E847 -> #DIV/0! | F46: =F45/F847 -> #DIV/0! | H46: نسبة الى إيرادات النشاط | I46: =I45/I847 -> 0.011845877 | J46: =J45/J847 -> #DIV/0! | K46: =K45/K847 -> #DIV/0! | L46: =L45/L847 -> #DIV/0! | M46: ='الاطار الموازنى راي الجهه عام'!J46 -> 0.011818202 | O46: =O45/O847 -> 0.011818202 | S46: 1
G47: 3111040000 | H47: بند 4 مواد تعبئة وتغليف | M47: ='الاطار الموازنى راي الجهه عام'!J47 -> 0 | P47: =IF(O47>I47,O47-I47," ") | Q47: =IF(I47>O47,I47-O47," ") | S47: =S50 -> 0
G48: 3111040101 | H48: نوع(1) مواد تعبئة وتغليف مستهلكة | I48: ='موازنة 2026-2027'!M48 -> 0 | L48: =K48*2 -> 0 | M48: ='الاطار الموازنى راي الجهه عام'!J48 -> 0 | N48: =M48-I48 -> 0 | P48: =IF(O48>I48,O48-I48," ") | Q48: =IF(I48>O48,I48-O48," ") | R48: =IF(O48=0,,O48/I48) -> 0 | S48: =SUM(A48+B48+C48+D48+E48+F48+I48+J48+K48+L48+M48+O48) -> 0
G49: 3111040201 | H49: نوع(2) مواد تعبئة وتغليف متداولة | I49: ='موازنة 2026-2027'!M49 -> 0 | L49: =K49*2 -> 0 | M49: ='الاطار الموازنى راي الجهه عام'!J49 -> 0 | N49: =M49-I49 -> 0 | P49: =IF(O49>I49,O49-I49," ") | Q49: =IF(I49>O49,I49-O49," ") | R49: =IF(O49=0,,O49/I49) -> 0 | S49: =SUM(A49+B49+C49+D49+E49+F49+I49+J49+K49+L49+M49+O49) -> 0
A50: =SUM(A48:A49) -> 0 | B50: =SUM(B48:B49) -> 0 | C50: =SUM(C48:C49) -> 0 | D50: =SUM(D48:D49) -> 0 | E50: =SUM(E48:E49) -> 0 | F50: =SUM(F48:F49) -> 0 | H50: جملة بند (4) مواد تعبئة وتغليف | I50: =SUM(I48:I49) -> 0 | J50: =SUM(J48:J49) -> 0 | K50: =SUM(K48:K49) -> 0 | L50: =SUM(L48:L49) -> 0 | M50: ='الاطار الموازنى راي الجهه عام'!J50 -> 0 | N50: =M50-I50 -> 0 | O50: =SUM(O48:O49) -> 0 | P50: =IF(O50>I50,O50-I50," ") | Q50: =IF(I50>O50,I50-O50," ") | R50: =IF(O50=0,,O50/I50) -> 0 | S50: =SUM(A50+B50+C50+D50+E50+F50+I50+J50+K50+L50+M50+O50) -> 0
A51: =A50/A847 -> #DIV/0! | B51: =B50/B847 -> #DIV/0! | C51: =C50/C847 -> #DIV/0! | D51: =D50/D847 -> #DIV/0! | E51: =E50/E847 -> #DIV/0! | F51: =F50/F847 -> #DIV/0! | H51: نسبة الى إيرادات النشاط | I51: =I50/I847 -> 0 | J51: =J50/J847 -> #DIV/0! | K51: =K50/K847 -> #DIV/0! | L51: =L50/L847 -> #DIV/0! | M51: ='الاطار الموازنى راي الجهه عام'!J51 -> 0 | O51: =O50/O847 -> 0 | S51: 1
G52: 3111050000 | H52: بند 5 كهرباء ومياه | M52: ='الاطار الموازنى راي الجهه عام'!J52 -> 0 | P52: =IF(O52>I52,O52-I52," ") | Q52: =IF(I52>O52,I52-O52," ") | S52: =S58 -> 1481000
G53: 3111050100 | H53: نوع (1) كهرباء | M53: ='الاطار الموازنى راي الجهه عام'!J53 -> 0 | P53: =IF(O53>I53,O53-I53," ") | Q53: =IF(I53>O53,I53-O53," ") | S53: =S56 -> 1263000
G54: 3111050101 | H54: فرع (1) كهرباء تشغيل | I54: ='موازنة 2026-2027'!M54 -> 0 | L54: =K54*2 -> 0 | M54: ='الاطار الموازنى راي الجهه عام'!J54 -> 0 | N54: =M54-I54 -> 0 | P54: =IF(O54>I54,O54-I54," ") | Q54: =IF(I54>O54,I54-O54," ") | R54: =IF(O54=0,,O54/I54) -> 0 | S54: =SUM(A54+B54+C54+D54+E54+F54+I54+J54+K54+L54+M54+O54) -> 0
G55: 3111050102 | H55: فرع (2) كهرباء إنارة | I55: ='موازنة 2026-2027'!M55 -> 383000 | L55: =K55*2 -> 0 | M55: ='الاطار الموازنى راي الجهه عام'!J55 -> 440000 | N55: =M55-I55 -> 57000 | O55: 440000 | P55: =IF(O55>I55,O55-I55," ") -> 57000 | Q55: =IF(I55>O55,I55-O55," ") | R55: =IF(O55=0,,O55/I55) -> 1.1488251 | S55: =SUM(A55+B55+C55+D55+E55+F55+I55+J55+K55+L55+M55+O55) -> 1263000
A56: =SUM(A54:A55) -> 0 | B56: =SUM(B54:B55) -> 0 | C56: =SUM(C54:C55) -> 0 | D56: =SUM(D54:D55) -> 0 | E56: =SUM(E54:E55) -> 0 | F56: =SUM(F54:F55) -> 0 | H56: جملة نوع ( 1 ) | I56: =SUM(I54:I55) -> 383000 | J56: =SUM(J54:J55) -> 0 | K56: =SUM(K54:K55) -> 0 | L56: =SUM(L54:L55) -> 0 | M56: ='الاطار الموازنى راي الجهه عام'!J56 -> 440000 | N56: =M56-I56 -> 57000 | O56: =SUM(O54:O55) -> 440000 | P56: =IF(O56>I56,O56-I56," ") -> 57000 | Q56: =IF(I56>O56,I56-O56," ") | R56: =IF(O56=0,,O56/I56) -> 1.1488251 | S56: =SUM(A56+B56+C56+D56+E56+F56+I56+J56+K56+L56+M56+O56) -> 1263000
G57: 3111050201 | H57: نوع (2) مياه | I57: ='موازنة 2026-2027'!M57 -> 66000 | L57: =K57*2 -> 0 | M57: ='الاطار الموازنى راي الجهه عام'!J57 -> 76000 | N57: =M57-I57 -> 10000 | O57: =M57 -> 76000 | P57: =IF(O57>I57,O57-I57," ") -> 10000 | Q57: =IF(I57>O57,I57-O57," ") | R57: =IF(O57=0,,O57/I57) -> 1.1515152 | S57: =SUM(A57+B57+C57+D57+E57+F57+I57+J57+K57+L57+M57+O57) -> 218000
A58: =SUM(A56:A57) -> 0 | B58: =SUM(B56:B57) -> 0 | C58: =SUM(C56:C57) -> 0 | D58: =SUM(D56:D57) -> 0 | E58: =SUM(E56:E57) -> 0 | F58: =SUM(F56:F57) -> 0 | H58: جملة بند (5) كهرباء ومياه | I58: =SUM(I56:I57) -> 449000 | J58: =SUM(J56:J57) -> 0 | K58: =SUM(K56:K57) -> 0 | L58: =SUM(L56:L57) -> 0 | M58: ='الاطار الموازنى راي الجهه عام'!J58 -> 516000 | N58: =M58-I58 -> 67000 | O58: =SUM(O56:O57) -> 516000 | P58: =IF(O58>I58,O58-I58," ") -> 67000 | Q58: =IF(I58>O58,I58-O58," ") | R58: =IF(O58=0,,O58/I58) -> 1.1492205 | S58: =SUM(A58+B58+C58+D58+E58+F58+I58+J58+K58+L58+M58+O58) -> 1481000
A59: =A58/A847 -> #DIV/0! | B59: =B58/B847 -> #DIV/0! | C59: =C58/C847 -> #DIV/0! | D59: =D58/D847 -> #DIV/0! | E59: =E58/E847 -> #DIV/0! | F59: =F58/F847 -> #DIV/0! | H59: نسبة الى إيرادات النشاط | I59: =I58/I847 -> 0.011389291 | J59: =J58/J847 -> #DIV/0! | K59: =K58/K847 -> #DIV/0! | L59: =L58/L847 -> #DIV/0! | M59: ='الاطار الموازنى راي الجهه عام'!J59 -> 0.01133493 | O59: =O58/O847 -> 0.01133493 | S59: 1
G60: 3111060000 | H60: بند 6 ادوات كتابية و كتب | M60: ='الاطار الموازنى راي الجهه عام'!J60 -> 0 | P60: =IF(O60>I60,O60-I60," ") | Q60: =IF(I60>O60,I60-O60," ") | S60: =S65 -> 1013000
G61: 3111060101 | H61: نوع (1) ادوات كتابية و كتب | I61: ='موازنة 2026-2027'!M61 -> 165000 | L61: =K61*2 -> 0 | M61: ='الاطار الموازنى راي الجهه عام'!J61 -> 190000 | N61: =M61-I61 -> 25000 | O61: 190000 | P61: =IF(O61>I61,O61-I61," ") -> 25000 | Q61: =IF(I61>O61,I61-O61," ") | R61: =IF(O61=0,,O61/I61) -> 1.1515152 | S61: =SUM(A61+B61+C61+D61+E61+F61+I61+J61+K61+L61+M61+O61) -> 545000
G62: 3111060201 | H62: نوع(2) كتب ومجلات ووثائق أخرى للمكتبات | I62: ='موازنة 2026-2027'!M62 -> 6000 | L62: =K62*2 -> 0 | M62: ='الاطار الموازنى راي الجهه عام'!J62 -> 6000 | N62: =M62-I62 -> 0 | O62: 6000 | P62: =IF(O62>I62,O62-I62," ") | Q62: =IF(I62>O62,I62-O62," ") | R62: =IF(O62=0,,O62/I62) -> 1 | S62: =SUM(A62+B62+C62+D62+E62+F62+I62+J62+K62+L62+M62+O62) -> 18000
G63: 3111060301 | H63: نوع(3) كراسات ودفاتر | I63: ='موازنة 2026-2027'!M63 -> 0 | L63: =K63*2 -> 0 | M63: ='الاطار الموازنى راي الجهه عام'!J63 -> 0 | N63: =M63-I63 -> 0 | O63: 0 | P63: =IF(O63>I63,O63-I63," ") | Q63: =IF(I63>O63,I63-O63," ") | R63: =IF(O63=0,,O63/I63) -> 0 | S63: =SUM(A63+B63+C63+D63+E63+F63+I63+J63+K63+L63+M63+O63) -> 0
G64: 3111060401 | H64: نوع(4) مطبوعات أخرى | I64: ='موازنة 2026-2027'!M64 -> 130000 | L64: =K64*2 -> 0 | M64: ='الاطار الموازنى راي الجهه عام'!J64 -> 160000 | N64: =M64-I64 -> 30000 | O64: 160000 | P64: =IF(O64>I64,O64-I64," ") -> 30000 | Q64: =IF(I64>O64,I64-O64," ") | R64: =IF(O64=0,,O64/I64) -> 1.2307692 | S64: =SUM(A64+B64+C64+D64+E64+F64+I64+J64+K64+L64+M64+O64) -> 450000
A65: =SUM(A61:A64) -> 0 | B65: =SUM(B61:B64) -> 0 | C65: =SUM(C61:C64) -> 0 | D65: =SUM(D61:D64) -> 0 | E65: =SUM(E61:E64) -> 0 | F65: =SUM(F61:F64) -> 0 | H65: جملة بند (6) ادوات كتابية و كتب | I65: =SUM(I61:I64) -> 301000 | J65: =SUM(J61:J64) -> 0 | K65: =SUM(K61:K64) -> 0 | L65: =SUM(L61:L64) -> 0 | M65: ='الاطار الموازنى راي الجهه عام'!J65 -> 356000 | N65: =M65-I65 -> 55000 | O65: =SUM(O61:O64) -> 356000 | P65: =IF(O65>I65,O65-I65," ") -> 55000 | Q65: =IF(I65>O65,I65-O65," ") | R65: =IF(O65=0,,O65/I65) -> 1.1827243 | S65: =SUM(A65+B65+C65+D65+E65+F65+I65+J65+K65+L65+M65+O65) -> 1013000
A66: =A65/A847 -> #DIV/0! | B66: =B65/B847 -> #DIV/0! | C66: =C65/C847 -> #DIV/0! | D66: =D65/D847 -> #DIV/0! | E66: =E65/E847 -> #DIV/0! | F66: =F65/F847 -> #DIV/0! | H66: نسبة الى إيرادات النشاط | I66: =I65/$I$845 -> #DIV/0! | J66: =J65/$J$845 -> #DIV/0! | K66: =K65/$K$845 -> #DIV/0! | L66: =L65/$L$845 -> #DIV/0! | M66: ='الاطار الموازنى راي الجهه عام'!J66 -> 0.0078202227 | O66: =O65/$O$845 -> #DIV/0! | S66: 1
G67: 3111980101 | H67: اعتماد اجمالى على مستوى مجموعة (1) خامات ومواد ووقود وقطع غيار | I67: ='موازنة 2026-2027'!M67 -> 0 | L67: =K67*2 -> 0 | M67: ='الاطار الموازنى راي الجهه عام'!J67 -> 0 | N67: =M67-I67 -> 0 | P67: =IF(O67>I67,O67-I67," ") | Q67: =IF(I67>O67,I67-O67," ") | R67: =IF(O67=0,,O67/I67) -> 0 | S67: =SUM(A67+B67+C67+D67+E67+F67+I67+J67+K67+L67+M67+O67) -> 0
A68: =A67+A65+A58+A50+A45+A40+A21 -> 0 | B68: =B67+B65+B58+B50+B45+B40+B21 -> 0 | C68: =C67+C65+C58+C50+C45+C40+C21 -> 0 | D68: =D67+D65+D58+D50+D45+D40+D21 -> 0 | E68: =E67+E65+E58+E50+E45+E40+E21 -> 0 | F68: =F67+F65+F58+F50+F45+F40+F21 -> 0 | H68: جملة مجموعة (1) خامات ومواد ووقود وقطع غيار | I68: =I67+I65+I58+I50+I45+I40+I21 -> 1801000 | J68: =J67+J65+J58+J50+J45+J40+J21 -> 0 | K68: =K67+K65+K58+K50+K45+K40+K21 -> 0 | L68: =L67+L65+L58+L50+L45+L40+L21 -> 0 | M68: ='الاطار الموازنى راي الجهه عام'!J68 -> 2082000 | N68: =M68-I68 -> 281000 | O68: =O67+O65+O58+O50+O45+O40+O21 -> 2082000 | P68: =IF(O68>I68,O68-I68," ") -> 281000 | Q68: =IF(I68>O68,I68-O68," ") | R68: =IF(O68=0,,O68/I68) -> 1.1560244 | S68: =SUM(A68+B68+C68+D68+E68+F68+I68+J68+K68+L68+M68+O68) -> 5965000
G69: 3111990101 | H69: المستبعد | I69: ='موازنة 2026-2027'!M69 -> 0 | L69: =K69*2 -> 0 | M69: ='الاطار الموازنى راي الجهه عام'!J69 -> 0 | N69: =M69-I69 -> 0 | P69: =IF(O69>I69,O69-I69," ") | Q69: =IF(I69>O69,I69-O69," ") | R69: =IF(O69=0,,O69/I69) -> 0 | S69: =SUM(A69+B69+C69+D69+E69+F69+I69+J69+K69+L69+M69+O69) -> 0
A70: =A68-A69 -> 0 | B70: =B68-B69 -> 0 | C70: =C68-C69 -> 0 | D70: =D68-D69 -> 0 | E70: =E68-E69 -> 0 | F70: =F68-F69 -> 0 | H70: صافى مجموعة ( 1 ) خامات ومواد ووقود وقطع غيار | I70: =I68-I69 -> 1801000 | J70: =J68-J69 -> 0 | K70: =K68-K69 -> 0 | L70: =L68-L69 -> 0 | M70: ='الاطار الموازنى راي الجهه عام'!J70 -> 2082000 | N70: =M70-I70 -> 281000 | O70: =O68-O69 -> 2082000 | P70: =IF(O70>I70,O70-I70," ") -> 281000 | Q70: =IF(I70>O70,I70-O70," ") | R70: =IF(O70=0,,O70/I70) -> 1.1560244 | S70: =SUM(A70+B70+C70+D70+E70+F70+I70+J70+K70+L70+M70+O70) -> 5965000
C71: =(C70-A70)/A70 -> #DIV/0! | D71: =(D70-B70)/B70 -> #DIV/0! | E71: =(E70-C70)/C70 -> #DIV/0! | F71: =(F70-D70)/D70 -> #DIV/0! | H71: نسبة التطور | I71: =(I70-E70)/E70 -> #DIV/0! | M71: ='الاطار الموازنى راي الجهه عام'!J71 -> #DIV/0! | O71: =(O70-J70)/J70 -> #DIV/0! | S71: 1
G72: 3112000000 | H72: مجموعة (2) الأجـــــــــــــــــــور | L72: =K72*2 -> 0 | M72: ='الاطار الموازنى راي الجهه عام'!J72 -> 0 | N72: =M72-I72 -> 0 | P72: =IF(O72>I72,O72-I72," ") | Q72: =IF(I72>O72,I72-O72," ") | S72: =S191 -> 74526000
G73: 3112010000 | H73: بند 1 - أجـــور نقدية | L73: =K73*2 -> 0 | M73: ='الاطار الموازنى راي الجهه عام'!J73 -> 0 | N73: =M73-I73 -> 0 | P73: =IF(O73>I73,O73-I73," ") | Q73: =IF(I73>O73,I73-O73," ") | S73: =S164 -> 51996000
G74: 3112010100 | H74: نوع(1) الوظائف الدائمة | L74: =K74*2 -> 0 | M74: ='الاطار الموازنى راي الجهه عام'!J74 -> 0 | N74: =M74-I74 -> 0 | P74: =IF(O74>I74,O74-I74," ") | Q74: =IF(I74>O74,I74-O74," ") | S74: =S78 -> 3867000
G75: 3112010101 | H75: فرع (1) أجور أساسية | I75: ='موازنة 2026-2027'!M75 -> 1171000 | L75: =K75*2 -> 0 | M75: ='الاطار الموازنى راي الجهه عام'!J75 -> 1348000 | N75: =M75-I75 -> 177000 | O75: 1348000 | P75: =IF(O75>I75,O75-I75," ") -> 177000 | Q75: =IF(I75>O75,I75-O75," ") | R75: =IF(O75=0,,O75/I75) -> 1.1511529 | S75: =SUM(A75+B75+C75+D75+E75+F75+I75+J75+K75+L75+M75+O75) -> 3867000
G76: 3112010102 | H76: فرع (2) الأجر الوظيفي | I76: ='موازنة 2026-2027'!M76 -> 0 | L76: =K76*2 -> 0 | M76: ='الاطار الموازنى راي الجهه عام'!J76 -> 0 | N76: =M76-I76 -> 0 | P76: =IF(O76>I76,O76-I76," ") | Q76: =IF(I76>O76,I76-O76," ") | R76: =IF(O76=0,,O76/I76) -> 0 | S76: =SUM(A76+B76+C76+D76+E76+F76+I76+J76+K76+L76+M76+O76) -> 0
G77: 3112010103 | H77: فرع (3) تكاليف وأجور ومرتبات المخاطبين بأحكام القانون رقم 28 لسنة 2018 | I77: ='موازنة 2026-2027'!M77 -> 0 | L77: =K77*2 -> 0 | M77: ='الاطار الموازنى راي الجهه عام'!J77 -> 0 | N77: =M77-I77 -> 0 | P77: =IF(O77>I77,O77-I77," ") | Q77: =IF(I77>O77,I77-O77," ") | R77: =IF(O77=0,,O77/I77) -> 0 | S77: =SUM(A77+B77+C77+D77+E77+F77+I77+J77+K77+L77+M77+O77) -> 0
A78: =SUM(A75:A77) -> 0 | B78: =SUM(B75:B77) -> 0 | C78: =SUM(C75:C77) -> 0 | D78: =SUM(D75:D77) -> 0 | E78: =SUM(E75:E77) -> 0 | F78: =SUM(F75:F77) -> 0 | H78: جملة نوع ( 1 ) | I78: =SUM(I75:I77) -> 1171000 | J78: =SUM(J75:J77) -> 0 | K78: =SUM(K75:K77) -> 0 | L78: =SUM(L75:L77) -> 0 | M78: ='الاطار الموازنى راي الجهه عام'!J78 -> 1348000 | N78: =M78-I78 -> 177000 | O78: =SUM(O75:O77) -> 1348000 | P78: =IF(O78>I78,O78-I78," ") -> 177000 | Q78: =IF(I78>O78,I78-O78," ") | R78: =IF(O78=0,,O78/I78) -> 1.1511529 | S78: =SUM(A78+B78+C78+D78+E78+F78+I78+J78+K78+L78+M78+O78) -> 3867000
G79: 3112010200 | H79: نوع(2)المكافأت الشاملة | L79: =K79*2 -> 0 | M79: ='الاطار الموازنى راي الجهه عام'!J79 -> 0 | N79: =M79-I79 -> 0 | P79: =IF(O79>I79,O79-I79," ") | Q79: =IF(I79>O79,I79-O79," ") | S79: =S85 -> 13812000
G80: 3112010201 | H80: فرع (1) مكافآت الخبراء الوطنيين | I80: ='موازنة 2026-2027'!M80 -> 0 | L80: =K80*2 -> 0 | M80: ='الاطار الموازنى راي الجهه عام'!J80 -> 0 | N80: =M80-I80 -> 0 | P80: =IF(O80>I80,O80-I80," ") | Q80: =IF(I80>O80,I80-O80," ") | R80: =IF(O80=0,,O80/I80) -> 0 | S80: =SUM(A80+B80+C80+D80+E80+F80+I80+J80+K80+L80+M80+O80) -> 0
G81: 3112010202 | H81: فرع (2) مكافآت الخبراء الأجانب | I81: ='موازنة 2026-2027'!M81 -> 0 | L81: =K81*2 -> 0 | M81: ='الاطار الموازنى راي الجهه عام'!J81 -> 0 | N81: =M81-I81 -> 0 | P81: =IF(O81>I81,O81-I81," ") | Q81: =IF(I81>O81,I81-O81," ") | R81: =IF(O81=0,,O81/I81) -> 0 | S81: =SUM(A81+B81+C81+D81+E81+F81+I81+J81+K81+L81+M81+O81) -> 0
G82: 3112010203 | H82: فرع (3) المعينون بمكافآت شاملة | I82: ='موازنة 2026-2027'!M82 -> 1476000 | L82: =K82*2 -> 0 | M82: ='الاطار الموازنى راي الجهه عام'!J82 -> 1624000 | N82: =M82-I82 -> 148000 | O82: 1624000 | P82: =IF(O82>I82,O82-I82," ") -> 148000 | Q82: =IF(I82>O82,I82-O82," ") | R82: =IF(O82=0,,O82/I82) -> 1.100271 | S82: =SUM(A82+B82+C82+D82+E82+F82+I82+J82+K82+L82+M82+O82) -> 4724000
G83: 3112010204 | H83: فرع (4) أجور الموسميين والعمالة العرضية | I83: ='موازنة 2026-2027'!M83 -> 2938000 | L83: =K83*2 -> 0 | M83: ='الاطار الموازنى راي الجهه عام'!J83 -> 3075000 | N83: =M83-I83 -> 137000 | O83: 3075000 | P83: =IF(O83>I83,O83-I83," ") -> 137000 | Q83: =IF(I83>O83,I83-O83," ") | R83: =IF(O83=0,,O83/I83) -> 1.0466304 | S83: =SUM(A83+B83+C83+D83+E83+F83+I83+J83+K83+L83+M83+O83) -> 9088000
G84: 3112010205 | H84: فرع (5) مكافآت الصبية | I84: ='موازنة 2026-2027'!M84 -> 0 | L84: =K84*2 -> 0 | M84: ='الاطار الموازنى راي الجهه عام'!J84 -> 0 | N84: =M84-I84 -> 0 | P84: =IF(O84>I84,O84-I84," ") | Q84: =IF(I84>O84,I84-O84," ") | R84: =IF(O84=0,,O84/I84) -> 0 | S84: =SUM(A84+B84+C84+D84+E84+F84+I84+J84+K84+L84+M84+O84) -> 0
A85: =SUM(A80:A84) -> 0 | B85: =SUM(B80:B84) -> 0 | C85: =SUM(C80:C84) -> 0 | D85: =SUM(D80:D84) -> 0 | E85: =SUM(E80:E84) -> 0 | F85: =SUM(F80:F84) -> 0 | H85: جملة نوع ( 2 ) | I85: =SUM(I80:I84) -> 4414000 | J85: =SUM(J80:J84) -> 0 | K85: =SUM(K80:K84) -> 0 | L85: =SUM(L80:L84) -> 0 | M85: ='الاطار الموازنى راي الجهه عام'!J85 -> 4699000 | N85: =M85-I85 -> 285000 | O85: =SUM(O80:O84) -> 4699000 | P85: =IF(O85>I85,O85-I85," ") -> 285000 | Q85: =IF(I85>O85,I85-O85," ") | R85: =IF(O85=0,,O85/I85) -> 1.0645673 | S85: =SUM(A85+B85+C85+D85+E85+F85+I85+J85+K85+L85+M85+O85) -> 13812000
A86: =A85/$A$845 -> #DIV/0! | B86: =B85/$B$845 -> #DIV/0! | C86: =C85/$C$845 -> #DIV/0! | D86: =D85/$D$845 -> #DIV/0! | E86: =E85/$E$845 -> #DIV/0! | F86: =F85/$F$845 -> #DIV/0! | H86: نسبة الى مبيعات الإنتاج التام | I86: =I85/$I$845 -> #DIV/0! | J86: =J85/$J$845 -> #DIV/0! | K86: =K85/$K$845 -> #DIV/0! | L86: =L85/$L$845 -> #DIV/0! | M86: ='الاطار الموازنى راي الجهه عام'!J86 -> #DIV/0! | O86: =O85/$O$845 -> #DIV/0! | S86: 1
A87: =A85/A847 -> #DIV/0! | B87: =B85/B847 -> #DIV/0! | C87: =C85/C847 -> #DIV/0! | D87: =D85/D847 -> #DIV/0! | E87: =E85/E847 -> #DIV/0! | F87: =F85/F847 -> #DIV/0! | H87: نسبة الى إيرادات النشاط | I87: =I85/I847 -> 0.1119651 | J87: =J85/J847 -> #DIV/0! | K87: =K85/K847 -> #DIV/0! | L87: =L85/L847 -> #DIV/0! | M87: ='الاطار الموازنى راي الجهه عام'!J87 -> 0.10322255 | O87: =O85/O847 -> 0.10322255 | S87: 1
G88: 3112010301 | H88: نوع (3) تكاليف المعارين وتتحمل الهيئة / الشركة بمرتباتهم | I88: ='موازنة 2026-2027'!M88 -> 300000 | L88: =K88*2 -> 0 | M88: ='الاطار الموازنى راي الجهه عام'!J88 -> 300000 | N88: =M88-I88 -> 0 | O88: =M88 -> 300000 | P88: =IF(O88>I88,O88-I88," ") | Q88: =IF(I88>O88,I88-O88," ") | R88: =IF(O88=0,,O88/I88) -> 1 | S88: =SUM(A88+B88+C88+D88+E88+F88+I88+J88+K88+L88+M88+O88) -> 900000
G89: 3112010401 | H89: نوع (4) تكاليف الأجازات الدراسية و المنح التدريبية | I89: ='موازنة 2026-2027'!M89 -> 0 | L89: =K89*2 -> 0 | M89: ='الاطار الموازنى راي الجهه عام'!J89 -> 0 | N89: =M89-I89 -> 0 | P89: =IF(O89>I89,O89-I89," ") | Q89: =IF(I89>O89,I89-O89," ") | R89: =IF(O89=0,,O89/I89) -> 0 | S89: =SUM(A89+B89+C89+D89+E89+F89+I89+J89+K89+L89+M89+O89) -> 0
G90: 3112010500 | H90: نوع (5) المكافآت | M90: ='الاطار الموازنى راي الجهه عام'!J90 -> 0 | P90: =IF(O90>I90,O90-I90," ") | Q90: =IF(I90>O90,I90-O90," ") | S90: =S108 -> 30885000
G91: 3112010501 | H91: فرع (1) تعويض العاملين عن جهود غير عادية | I91: ='موازنة 2026-2027'!M91 -> 1550000 | L91: =K91*2 -> 0 | M91: ='الاطار الموازنى راي الجهه عام'!J91 -> 1550000 | N91: =M91-I91 -> 0 | O91: 1550000 | P91: =IF(O91>I91,O91-I91," ") | Q91: =IF(I91>O91,I91-O91," ") | R91: =IF(O91=0,,O91/I91) -> 1 | S91: =SUM(A91+B91+C91+D91+E91+F91+I91+J91+K91+L91+M91+O91) -> 4650000
G92: 3112010502 | H92: فرع (2) مكافآت عن أعمال إضافية | I92: ='موازنة 2026-2027'!M92 -> 927000 | L92: =K92*2 -> 0 | M92: ='الاطار الموازنى راي الجهه عام'!J92 -> 927000 | N92: =M92-I92 -> 0 | O92: 927000 | P92: =IF(O92>I92,O92-I92," ") | Q92: =IF(I92>O92,I92-O92," ") | R92: =IF(O92=0,,O92/I92) -> 1 | S92: =SUM(A92+B92+C92+D92+E92+F92+I92+J92+K92+L92+M92+O92) -> 2781000
G93: 3112010503 | H93: فرع (3) مكافآت طوارئ للعسكريين أو المجندين | I93: ='موازنة 2026-2027'!M93 -> 0 | L93: =K93*2 -> 0 | M93: ='الاطار الموازنى راي الجهه عام'!J93 -> 0 | N93: =M93-I93 -> 0 | O93: 0 | P93: =IF(O93>I93,O93-I93," ") | Q93: =IF(I93>O93,I93-O93," ") | R93: =IF(O93=0,,O93/I93) -> 0 | S93: =SUM(A93+B93+C93+D93+E93+F93+I93+J93+K93+L93+M93+O93) -> 0
G94: 3112010504 | H94: فرع (4) مكافآت إنتاجية و تشجيعية | I94: ='موازنة 2026-2027'!M94 -> 2810000 | L94: =K94*2 -> 0 | M94: ='الاطار الموازنى راي الجهه عام'!J94 -> 2810000 | N94: =M94-I94 -> 0 | O94: 2810000 | P94: =IF(O94>I94,O94-I94," ") | Q94: =IF(I94>O94,I94-O94," ") | R94: =IF(O94=0,,O94/I94) -> 1 | S94: =SUM(A94+B94+C94+D94+E94+F94+I94+J94+K94+L94+M94+O94) -> 8430000
G95: 3112010505 | H95: فرع (5) حوافز للعاملين | I95: ='موازنة 2026-2027'!M95 -> 1893000 | L95: =K95*2 -> 0 | M95: ='الاطار الموازنى راي الجهه عام'!J95 -> 1893000 | N95: =M95-I95 -> 0 | O95: 1893000 | P95: =IF(O95>I95,O95-I95," ") | Q95: =IF(I95>O95,I95-O95," ") | R95: =IF(O95=0,,O95/I95) -> 1 | S95: =SUM(A95+B95+C95+D95+E95+F95+I95+J95+K95+L95+M95+O95) -> 5679000
G96: 3112010506 | H96: فرع (6) مكافآت حضور جلسات و لجان | I96: ='موازنة 2026-2027'!M96 -> 660000 | L96: =K96*2 -> 0 | M96: ='الاطار الموازنى راي الجهه عام'!J96 -> 660000 | N96: =M96-I96 -> 0 | O96: 660000 | P96: =IF(O96>I96,O96-I96," ") | Q96: =IF(I96>O96,I96-O96," ") | R96: =IF(O96=0,,O96/I96) -> 1 | S96: =SUM(A96+B96+C96+D96+E96+F96+I96+J96+K96+L96+M96+O96) -> 1980000
G97: 3112010507 | H97: فرع (7) مكافآت تدريس و إشراف و امتحانات | I97: ='موازنة 2026-2027'!M97 -> 0 | L97: =K97*2 -> 0 | M97: ='الاطار الموازنى راي الجهه عام'!J97 -> 0 | N97: =M97-I97 -> 0 | O97: =M97 -> 0 | P97: =IF(O97>I97,O97-I97," ") | Q97: =IF(I97>O97,I97-O97," ") | R97: =IF(O97=0,,O97/I97) -> 0 | S97: =SUM(A97+B97+C97+D97+E97+F97+I97+J97+K97+L97+M97+O97) -> 0
G98: 3112010508 | H98: فرع (8) مكافآت تدريب | I98: ='موازنة 2026-2027'!M98 -> 0 | L98: =K98*2 -> 0 | M98: ='الاطار الموازنى راي الجهه عام'!J98 -> 0 | N98: =M98-I98 -> 0 | O98: =M98 -> 0 | P98: =IF(O98>I98,O98-I98," ") | Q98: =IF(I98>O98,I98-O98," ") | R98: =IF(O98=0,,O98/I98) -> 0 | S98: =SUM(A98+B98+C98+D98+E98+F98+I98+J98+K98+L98+M98+O98) -> 0
G99: 3112010509 | H99: فرع (9) مكافآت محو الأمية | I99: ='موازنة 2026-2027'!M99 -> 0 | L99: =K99*2 -> 0 | M99: ='الاطار الموازنى راي الجهه عام'!J99 -> 0 | N99: =M99-I99 -> 0 | O99: =M99 -> 0 | P99: =IF(O99>I99,O99-I99," ") | Q99: =IF(I99>O99,I99-O99," ") | R99: =IF(O99=0,,O99/I99) -> 0 | S99: =SUM(A99+B99+C99+D99+E99+F99+I99+J99+K99+L99+M99+O99) -> 0
G100: 3112010510 | H100: فرع (10) مكافآت عن أعمال أخري | I100: ='موازنة 2026-2027'!M100 -> 200000 | L100: =K100*2 -> 0 | M100: ='الاطار الموازنى راي الجهه عام'!J100 -> 200000 | N100: =M100-I100 -> 0 | O100: 200000 | P100: =IF(O100>I100,O100-I100," ") | Q100: =IF(I100>O100,I100-O100," ") | R100: =IF(O100=0,,O100/I100) -> 1 | S100: =SUM(A100+B100+C100+D100+E100+F100+I100+J100+K100+L100+M100+O100) -> 600000
...

Sheet موازنة 2028 -2029
A1: مشروع موازنة السنة المالية 2028/ 2029
D2: ='موازنة 2027-2028 '!D2:O2 -> جهاز تنمية شبه جزيرة سيناء | P2: " القيمة بالجنيه "
A3: موازنة السنة المالية 2021/ 2022 | C3: موازنة السنة المالية 2022/ 2023 | E3: موازنة السنة المالية 2024/ 2025 | G3: الكود الاقتصادى | H3: البيان | I3: مقترح موازنة 2027/ 2028 | M3: مقترح الجهه | N3: الزيادة في راي الجهة | O3: موازنة العام المالى 2028/ 2029 | P3: التغير | R3: النسبة
A4: ربط | B4: ختامي | C4: ربط | D4: ختامي | E4: ربط | F4: ختامي | P4: الزيادة | Q4: الخفض
G5: 3110000000 | H5: التكاليف و المصروفات | S5: =S437 -> 117573000
G6: 3111000000 | H6: مجموعة (1) خامات ومواد ووقود وقطع غيار | S6: =S70 -> 7072000
G7: 3111010000 | H7: بند 1 - خامات ومدخلات انتاج | S7: =S21 -> 0
G8: 3111010100 | H8: نوع(1) خامات | S8: =S12 -> 0
G9: 3111010101 | H9: فرع (1) خامات رئيسية | I9: ='موازنة 2027-2028 '!M9 -> 0 | L9: =K9*2 -> 0 | M9: ='الاطار الموازنى راي الجهه عام'!K9 -> 0 | N9: =M9-I9 -> 0 | P9: =IF(O9>I9,O9-I9," ") | Q9: =IF(I9>O9,I9-O9," ") | R9: =IF(O9=0,,O9/I9) -> 0 | S9: =SUM(A9+B9+C9+D9+E9+F9+I9+J9+K9+L9+M9+O9) -> 0
G10: 3111010102 | H10: فرع (2) خامات مساعدة | I10: ='موازنة 2027-2028 '!M10 -> 0 | L10: =K10*2 -> 0 | M10: ='الاطار الموازنى راي الجهه عام'!K10 -> 0 | N10: =M10-I10 -> 0 | P10: =IF(O10>I10,O10-I10," ") | Q10: =IF(I10>O10,I10-O10," ") | R10: =IF(O10=0,,O10/I10) -> 0 | S10: =SUM(A10+B10+C10+D10+E10+F10+I10+J10+K10+L10+M10+O10) -> 0
G11: 3111010103 | H11: فرع (3) أخرى | I11: ='موازنة 2027-2028 '!M11 -> 0 | L11: =K11*2 -> 0 | M11: ='الاطار الموازنى راي الجهه عام'!K11 -> 0 | N11: =M11-I11 -> 0 | P11: =IF(O11>I11,O11-I11," ") | Q11: =IF(I11>O11,I11-O11," ") | R11: =IF(O11=0,,O11/I11) -> 0 | S11: =SUM(A11+B11+C11+D11+E11+F11+I11+J11+K11+L11+M11+O11) -> 0
A12: =SUM(A9:A11) -> 0 | B12: =SUM(B9:B11) -> 0 | C12: =SUM(C9:C11) -> 0 | D12: =SUM(D9:D11) -> 0 | E12: =SUM(E9:E11) -> 0 | F12: =SUM(F9:F11) -> 0 | H12: جملة نوع ( 1 ) | I12: =SUM(I9:I11) -> 0 | J12: =SUM(J9:J11) -> 0 | K12: =SUM(K9:K11) -> 0 | L12: =SUM(L9:L11) -> 0 | M12: ='الاطار الموازنى راي الجهه عام'!K12 -> 0 | N12: =M12-I12 -> 0 | O12: =SUM(O9:O11) -> 0 | P12: =IF(O12>I12,O12-I12," ") | Q12: =IF(I12>O12,I12-O12," ") | R12: =IF(O12=0,,O12/I12) -> 0 | S12: =SUM(A12+B12+C12+D12+E12+F12+I12+J12+K12+L12+M12+O12) -> 0
A13: =A12/A847 -> #DIV/0! | B13: =B12/B847 -> #DIV/0! | C13: =C12/C847 -> #DIV/0! | D13: =D12/D847 -> #DIV/0! | E13: =E12/E847 -> #DIV/0! | F13: =F12/F847 -> #DIV/0! | H13: نسبة الى إيرادات النشاط | I13: =I12/I847 -> 0 | J13: =J12/J847 -> #DIV/0! | K13: =K12/K847 -> #DIV/0! | L13: =L12/L847 -> #DIV/0! | M13: ='الاطار الموازنى راي الجهه عام'!K13 -> 0 | O13: =O12/O847 -> 0 | S13: 1
G14: 3111010200 | H14: نوع(2) مدخلات أنتاج | M14: ='الاطار الموازنى راي الجهه عام'!K14 -> 0 | N14: =M14-I14 -> 0 | P14: =IF(O14>I14,O14-I14," ") | Q14: =IF(I14>O14,I14-O14," ") | S14: =S19 -> 0
G15: 3111010201 | H15: فرع (1) ألأراضي المستخدمة في تنفيذ مشروعات التعمير والإسكان التي يتم بيعها مع الوحدات السكنية المقامة عليها | I15: ='موازنة 2027-2028 '!M15 -> 0 | L15: =K15*2 -> 0 | M15: ='الاطار الموازنى راي الجهه عام'!K15 -> 0 | N15: =M15-I15 -> 0 | P15: =IF(O15>I15,O15-I15," ") | Q15: =IF(I15>O15,I15-O15," ") | R15: =IF(O15=0,,O15/I15) -> 0 | S15: =SUM(A15+B15+C15+D15+E15+F15+I15+J15+K15+L15+M15+O15) -> 0
G16: 3111010202 | H16: فرع (2) ألأراضي المخصصة لمشروعات الاستصلاح والاستزراع التي يتم تنفيذها بغرض البيع للغير | I16: ='موازنة 2027-2028 '!M16 -> 0 | L16: =K16*2 -> 0 | M16: ='الاطار الموازنى راي الجهه عام'!K16 -> 0 | N16: =M16-I16 -> 0 | P16: =IF(O16>I16,O16-I16," ") | Q16: =IF(I16>O16,I16-O16," ") | R16: =IF(O16=0,,O16/I16) -> 0 | S16: =SUM(A16+B16+C16+D16+E16+F16+I16+J16+K16+L16+M16+O16) -> 0
G17: 3111010203 | H17: فرع (3) مخلفات إنتاج يتم تشغيلها مرة أخري | I17: ='موازنة 2027-2028 '!M17 -> 0 | L17: =K17*2 -> 0 | M17: ='الاطار الموازنى راي الجهه عام'!K17 -> 0 | N17: =M17-I17 -> 0 | P17: =IF(O17>I17,O17-I17," ") | Q17: =IF(I17>O17,I17-O17," ") | R17: =IF(O17=0,,O17/I17) -> 0 | S17: =SUM(A17+B17+C17+D17+E17+F17+I17+J17+K17+L17+M17+O17) -> 0
G18: 3111010204 | H18: فرع (4) مخلفات إنتاج أخري | I18: ='موازنة 2027-2028 '!M18 -> 0 | L18: =K18*2 -> 0 | M18: ='الاطار الموازنى راي الجهه عام'!K18 -> 0 | N18: =M18-I18 -> 0 | P18: =IF(O18>I18,O18-I18," ") | Q18: =IF(I18>O18,I18-O18," ") | R18: =IF(O18=0,,O18/I18) -> 0 | S18: =SUM(A18+B18+C18+D18+E18+F18+I18+J18+K18+L18+M18+O18) -> 0
A19: =SUM(A15:A18) -> 0 | B19: =SUM(B15:B18) -> 0 | C19: =SUM(C15:C18) -> 0 | D19: =SUM(D15:D18) -> 0 | E19: =SUM(E15:E18) -> 0 | F19: =SUM(F15:F18) -> 0 | H19: جملة نوع ( 2 ) | I19: =SUM(I15:I18) -> 0 | J19: =SUM(J15:J18) -> 0 | K19: =SUM(K15:K18) -> 0 | L19: =SUM(L15:L18) -> 0 | M19: ='الاطار الموازنى راي الجهه عام'!K19 -> 0 | N19: =M19-I19 -> 0 | O19: =SUM(O15:O18) -> 0 | P19: =IF(O19>I19,O19-I19," ") | Q19: =IF(I19>O19,I19-O19," ") | R19: =IF(O19=0,,O19/I19) -> 0 | S19: =SUM(A19+B19+C19+D19+E19+F19+I19+J19+K19+L19+M19+O19) -> 0
A20: =A19/A847 -> #DIV/0! | B20: =B19/B847 -> #DIV/0! | C20: =C19/C847 -> #DIV/0! | D20: =D19/D847 -> #DIV/0! | E20: =E19/E847 -> #DIV/0! | F20: =F19/F847 -> #DIV/0! | H20: نسبة الى إيرادات النشاط | I20: =I19/I847 -> 0 | J20: =J19/J847 -> #DIV/0! | K20: =K19/K847 -> #DIV/0! | L20: =L19/L847 -> #DIV/0! | M20: ='الاطار الموازنى راي الجهه عام'!K20 -> 0 | O20: =O19/O847 -> 0 | S20: 1
A21: =A12+A19 -> 0 | B21: =B12+B19 -> 0 | C21: =C12+C19 -> 0 | D21: =D12+D19 -> 0 | E21: =E12+E19 -> 0 | F21: =F12+F19 -> 0 | H21: جملة بند 1 - خامات ومدخلات انتاج | I21: =I12+I19 -> 0 | J21: =J12+J19 -> 0 | K21: =K12+K19 -> 0 | L21: =K21*2 -> 0 | M21: ='الاطار الموازنى راي الجهه عام'!K21 -> 0 | N21: =M21-I21 -> 0 | O21: =O12+O19 -> 0 | P21: =IF(O21>I21,O21-I21," ") | Q21: =IF(I21>O21,I21-O21," ") | R21: =IF(O21=0,,O21/I21) -> 0 | S21: =SUM(A21+B21+C21+D21+E21+F21+I21+J21+K21+L21+M21+O21) -> 0
G22: 3111020000 | H22: بند 2 وقود وزيوت | M22: ='الاطار الموازنى راي الجهه عام'!K22 -> 0 | P22: =IF(O22>I22,O22-I22," ") | Q22: =IF(I22>O22,I22-O22," ") | S22: =S40 -> 2284000
G23: 3111020101 | H23: نوع (1) فحومات | I23: ='موازنة 2027-2028 '!M23 -> 0 | L23: =K23*2 -> 0 | M23: ='الاطار الموازنى راي الجهه عام'!K23 -> 0 | N23: =M23-I23 -> 0 | P23: =IF(O23>I23,O23-I23," ") | Q23: =IF(I23>O23,I23-O23," ") | R23: =IF(O23=0,,O23/I23) -> 0 | S23: =SUM(A23+B23+C23+D23+E23+F23+I23+J23+K23+L23+M23+O23) -> 0
G24: 3111020200 | H24: نوع (2) مواد بترولية | I24: ='موازنة 2027-2028 '!M24 -> 0 | M24: ='الاطار الموازنى راي الجهه عام'!K24 -> 0 | P24: =IF(O24>I24,O24-I24," ") | Q24: =IF(I24>O24,I24-O24," ") | S24: =S27 -> 1935000
G25: 3111020201 | H25: فرع (1) مواد بترولية للتشغيل | I25: ='موازنة 2027-2028 '!M25 -> 0 | L25: =K25*2 -> 0 | M25: ='الاطار الموازنى راي الجهه عام'!K25 -> 0 | N25: =M25-I25 -> 0 | P25: =IF(O25>I25,O25-I25," ") | Q25: =IF(I25>O25,I25-O25," ") | R25: =IF(O25=0,,O25/I25) -> 0 | S25: =SUM(A25+B25+C25+D25+E25+F25+I25+J25+K25+L25+M25+O25) -> 0
G26: 3111020202 | H26: فرع (2) مواد بترولية لسيارات الركوب | I26: ='موازنة 2027-2028 '!M26 -> 569000 | L26: =K26*2 -> 0 | M26: ='الاطار الموازنى راي الجهه عام'!K26 -> 683000 | N26: =M26-I26 -> 114000 | O26: 683000 | P26: =IF(O26>I26,O26-I26," ") -> 114000 | Q26: =IF(I26>O26,I26-O26," ") | R26: =IF(O26=0,,O26/I26) -> 1.2003515 | S26: =SUM(A26+B26+C26+D26+E26+F26+I26+J26+K26+L26+M26+O26) -> 1935000
A27: =SUM(A25:A26) -> 0 | B27: =SUM(B25:B26) -> 0 | C27: =SUM(C25:C26) -> 0 | D27: =SUM(D25:D26) -> 0 | E27: =SUM(E25:E26) -> 0 | F27: =SUM(F25:F26) -> 0 | H27: جملة نوع ( 2 ) | I27: ='موازنة 2027-2028 '!M27 -> 569000 | J27: =SUM(J25:J26) -> 0 | K27: =SUM(K25:K26) -> 0 | L27: =SUM(L25:L26) -> 0 | M27: ='الاطار الموازنى راي الجهه عام'!K27 -> 683000 | N27: =M27-I27 -> 114000 | O27: =SUM(O25:O26) -> 683000 | P27: =IF(O27>I27,O27-I27," ") -> 114000 | Q27: =IF(I27>O27,I27-O27," ") | R27: =IF(O27=0,,O27/I27) -> 1.2003515 | S27: =SUM(A27+B27+C27+D27+E27+F27+I27+J27+K27+L27+M27+O27) -> 1935000
A28: =A27/A847 -> #DIV/0! | B28: =B27/B847 -> #DIV/0! | C28: =C27/C847 -> #DIV/0! | D28: =D27/D847 -> #DIV/0! | E28: =E27/E847 -> #DIV/0! | F28: =F27/F847 -> #DIV/0! | H28: نسبة الى إيرادات النشاط | I28: ='موازنة 2027-2028 '!M28 -> 0.012499176 | J28: =J27/J847 -> #DIV/0! | K28: =K27/K847 -> #DIV/0! | L28: =L27/L847 -> #DIV/0! | M28: ='الاطار الموازنى راي الجهه عام'!K28 -> 0.01250389 | O28: =O27/O847 -> 0.01250389 | S28: 1
G29: 3111020300 | H29: نوع (3) مواد تزييت و تشحيم | I29: ='موازنة 2027-2028 '!M29 -> 0 | M29: ='الاطار الموازنى راي الجهه عام'!K29 -> 0 | P29: =IF(O29>I29,O29-I29," ") | Q29: =IF(I29>O29,I29-O29," ") | S29: =S32 -> 323000
G30: 3111020301 | H30: فرع (1) مواد تزييت و شحومات للتشغيل | I30: ='موازنة 2027-2028 '!M30 -> 0 | L30: =K30*2 -> 0 | M30: ='الاطار الموازنى راي الجهه عام'!K30 -> 0 | N30: =M30-I30 -> 0 | P30: =IF(O30>I30,O30-I30," ") | Q30: =IF(I30>O30,I30-O30," ") | R30: =IF(O30=0,,O30/I30) -> 0 | S30: =SUM(A30+B30+C30+D30+E30+F30+I30+J30+K30+L30+M30+O30) -> 0
G31: 3111020302 | H31: فرع (2) مواد تزييت وشحومات لسيارات الركوب | I31: ='موازنة 2027-2028 '!M31 -> 95000 | L31: =K31*2 -> 0 | M31: ='الاطار الموازنى راي الجهه عام'!K31 -> 114000 | N31: =M31-I31 -> 19000 | O31: 114000 | P31: =IF(O31>I31,O31-I31," ") -> 19000 | Q31: =IF(I31>O31,I31-O31," ") | R31: =IF(O31=0,,O31/I31) -> 1.2 | S31: =SUM(A31+B31+C31+D31+E31+F31+I31+J31+K31+L31+M31+O31) -> 323000
A32: =SUM(A30:A31) -> 0 | B32: =SUM(B30:B31) -> 0 | C32: =SUM(C30:C31) -> 0 | D32: =SUM(D30:D31) -> 0 | E32: =SUM(E30:E31) -> 0 | F32: =SUM(F30:F31) -> 0 | H32: جملة نوع ( 3 ) | I32: ='موازنة 2027-2028 '!M32 -> 95000 | J32: =SUM(J30:J31) -> 0 | K32: =SUM(K30:K31) -> 0 | L32: =SUM(L30:L31) -> 0 | M32: ='الاطار الموازنى راي الجهه عام'!K32 -> 114000 | N32: =M32-I32 -> 19000 | O32: =SUM(O30:O31) -> 114000 | P32: =IF(O32>I32,O32-I32," ") -> 19000 | Q32: =IF(I32>O32,I32-O32," ") | R32: =IF(O32=0,,O32/I32) -> 1.2 | S32: =SUM(A32+B32+C32+D32+E32+F32+I32+J32+K32+L32+M32+O32) -> 323000
A33: =A32/A847 -> #DIV/0! | B33: =B32/B847 -> #DIV/0! | C33: =C32/C847 -> #DIV/0! | D33: =D32/D847 -> #DIV/0! | E33: =E32/E847 -> #DIV/0! | F33: =F32/F847 -> #DIV/0! | H33: نسبة الى إيرادات النشاط | I33: ='موازنة 2027-2028 '!M33 -> 0.0020868572 | J33: =J32/J847 -> #DIV/0! | K33: =K32/K847 -> #DIV/0! | L33: =L32/L847 -> #DIV/0! | M33: ='الاطار الموازنى راي الجهه عام'!K33 -> 0.0020870329 | O33: =O32/O847 -> 0.0020870329 | S33: 1
G34: 3111020400 | H34: نوع (4) غاز | I34: ='موازنة 2027-2028 '!M34 -> 0 | M34: ='الاطار الموازنى راي الجهه عام'!K34 -> 0 | P34: =IF(O34>I34,O34-I34," ") | Q34: =IF(I34>O34,I34-O34," ") | S34: =S36 -> 0
G35: 3111020401 | H35: فرع (1) غاز للتشغيل | I35: ='موازنة 2027-2028 '!M35 -> 8000 | L35: =K35*2 -> 0 | M35: ='الاطار الموازنى راي الجهه عام'!K35 -> 9000 | N35: =M35-I35 -> 1000 | O35: 9000 | P35: =IF(O35>I35,O35-I35," ") -> 1000 | Q35: =IF(I35>O35,I35-O35," ") | R35: =IF(O35=0,,O35/I35) -> 1.125 | S35: =SUM(A35+B35+C35+D35+E35+F35+I35+J35+K35+L35+M35+O35) -> 26000
G36: 3111020402 | H36: فرع (2) غاز لسيارات الركوب | I36: ='موازنة 2027-2028 '!M36 -> 0 | L36: =K36*2 -> 0 | M36: ='الاطار الموازنى راي الجهه عام'!K36 -> 0 | N36: =M36-I36 -> 0 | O36: 0 | P36: =IF(O36>I36,O36-I36," ") | Q36: =IF(I36>O36,I36-O36," ") | R36: =IF(O36=0,,O36/I36) -> 0 | S36: =SUM(A36+B36+C36+D36+E36+F36+I36+J36+K36+L36+M36+O36) -> 0
A37: =SUM(A35:A36) -> 0 | B37: =SUM(B35:B36) -> 0 | C37: =SUM(C35:C36) -> 0 | D37: =SUM(D35:D36) -> 0 | E37: =SUM(E35:E36) -> 0 | F37: =SUM(F35:F36) -> 0 | H37: جملة نوع ( 4 ) | I37: ='موازنة 2027-2028 '!M37 -> 8000 | J37: =SUM(J35:J36) -> 0 | K37: =SUM(K35:K36) -> 0 | L37: =SUM(L35:L36) -> 0 | M37: ='الاطار الموازنى راي الجهه عام'!K37 -> 9000 | N37: =M37-I37 -> 1000 | O37: =SUM(O35:O36) -> 9000 | P37: =IF(O37>I37,O37-I37," ") -> 1000 | Q37: =IF(I37>O37,I37-O37," ") | R37: =IF(O37=0,,O37/I37) -> 1.125 | S37: =SUM(A37+B37+C37+D37+E37+F37+I37+J37+K37+L37+M37+O37) -> 26000
A38: =A37/A847 -> #DIV/0! | B38: =B37/B847 -> #DIV/0! | C38: =C37/C847 -> #DIV/0! | D38: =D37/D847 -> #DIV/0! | E38: =E37/E847 -> #DIV/0! | F38: =F37/F847 -> #DIV/0! | H38: نسبة الى إيرادات النشاط | I38: ='موازنة 2027-2028 '!M38 -> 0.00017573534 | J38: =J37/J847 -> #DIV/0! | K38: =K37/K847 -> #DIV/0! | L38: =L37/L847 -> #DIV/0! | M38: ='الاطار الموازنى راي الجهه عام'!K38 -> 0.00016476576 | O38: =O37/O847 -> 0.00016476576 | S38: 1
G39: 3111020501 | H39: نوع(5) أخرى | I39: ='موازنة 2027-2028 '!M39 -> 0 | L39: =K39*2 -> 0 | M39: ='الاطار الموازنى راي الجهه عام'!K39 -> 0 | N39: =M39-I39 -> 0 | P39: =IF(O39>I39,O39-I39," ") | Q39: =IF(I39>O39,I39-O39," ") | R39: =IF(O39=0,,O39/I39) -> 0 | S39: =SUM(A39+B39+C39+D39+E39+F39+I39+J39+K39+L39+M39+O39) -> 0
A40: =A23+A27+A32+A37+A39 -> 0 | B40: =B23+B27+B32+B37+B39 -> 0 | C40: =C23+C27+C32+C37+C39 -> 0 | D40: =D23+D27+D32+D37+D39 -> 0 | E40: =E23+E27+E32+E37+E39 -> 0 | F40: =F23+F27+F32+F37+F39 -> 0 | H40: جملة بند (2) وقود وزيوت | I40: ='موازنة 2027-2028 '!M40 -> 672000 | J40: =J23+J27+J32+J37+J39 -> 0 | K40: =K23+K27+K32+K37+K39 -> 0 | L40: =L23+L27+L32+L37+L39 -> 0 | M40: ='الاطار الموازنى راي الجهه عام'!K40 -> 806000 | N40: =M40-I40 -> 134000 | O40: =O23+O27+O32+O37+O39 -> 806000 | P40: =IF(O40>I40,O40-I40," ") -> 134000 | Q40: =IF(I40>O40,I40-O40," ") | R40: =IF(O40=0,,O40/I40) -> 1.1994048 | S40: =SUM(A40+B40+C40+D40+E40+F40+I40+J40+K40+L40+M40+O40) -> 2284000
A41: =A40/A847 -> #DIV/0! | B41: =B40/B847 -> #DIV/0! | C41: =C40/C847 -> #DIV/0! | D41: =D40/D847 -> #DIV/0! | E41: =E40/E847 -> #DIV/0! | F41: =F40/F847 -> #DIV/0! | H41: نسبة الى إيرادات النشاط | I41: ='موازنة 2027-2028 '!M41 -> 0.014761769 | J41: =J40/J847 -> #DIV/0! | K41: =K40/K847 -> #DIV/0! | L41: =L40/L847 -> #DIV/0! | M41: ='الاطار الموازنى راي الجهه عام'!K41 -> 0.014755689 | N41: =N40/N847 -> 0.014725275 | O41: =O40/O847 -> 0.014755689 | S41: 1
G42: 3111030000 | H42: بند 3 قطع غيار ومهمات | I42: ='موازنة 2027-2028 '!M42 -> 0 | M42: ='الاطار الموازنى راي الجهه عام'!K42 -> 0 | P42: =IF(O42>I42,O42-I42," ") | Q42: =IF(I42>O42,I42-O42," ") | S42: =S45 -> 1828000
G43: 3111030101 | H43: نوع(1) قطع غيار ومواد للصيانة | I43: ='موازنة 2027-2028 '!M43 -> 222000 | L43: =K43*2 -> 0 | M43: ='الاطار الموازنى راي الجهه عام'!K43 -> 266000 | N43: =M43-I43 -> 44000 | O43: 266000 | P43: =IF(O43>I43,O43-I43," ") -> 44000 | Q43: =IF(I43>O43,I43-O43," ") | R43: =IF(O43=0,,O43/I43) -> 1.1981982 | S43: =SUM(A43+B43+C43+D43+E43+F43+I43+J43+K43+L43+M43+O43) -> 754000
G44: 3111030201 | H44: نوع(2) مواد ومهمات متنوعة | I44: ='موازنة 2027-2028 '!M44 -> 316000 | L44: =K44*2 -> 0 | M44: ='الاطار الموازنى راي الجهه عام'!K44 -> 379000 | N44: =M44-I44 -> 63000 | O44: 379000 | P44: =IF(O44>I44,O44-I44," ") -> 63000 | Q44: =IF(I44>O44,I44-O44," ") | R44: =IF(O44=0,,O44/I44) -> 1.1993671 | S44: =SUM(A44+B44+C44+D44+E44+F44+I44+J44+K44+L44+M44+O44) -> 1074000
A45: =SUM(A43:A44) -> 0 | B45: =SUM(B43:B44) -> 0 | C45: =SUM(C43:C44) -> 0 | D45: =SUM(D43:D44) -> 0 | E45: =SUM(E43:E44) -> 0 | F45: =SUM(F43:F44) -> 0 | H45: جملة بند (3) قطع غيار ومهمات | I45: ='موازنة 2027-2028 '!M45 -> 538000 | J45: =SUM(J43:J44) -> 0 | K45: =SUM(K43:K44) -> 0 | L45: =SUM(L43:L44) -> 0 | M45: ='الاطار الموازنى راي الجهه عام'!K45 -> 645000 | N45: =M45-I45 -> 107000 | O45: =SUM(O43:O44) -> 645000 | P45: =IF(O45>I45,O45-I45," ") -> 107000 | Q45: =IF(I45>O45,I45-O45," ") | R45: =IF(O45=0,,O45/I45) -> 1.1988848 | S45: =SUM(A45+B45+C45+D45+E45+F45+I45+J45+K45+L45+M45+O45) -> 1828000
A46: =A45/A847 -> #DIV/0! | B46: =B45/B847 -> #DIV/0! | C46: =C45/C847 -> #DIV/0! | D46: =D45/D847 -> #DIV/0! | E46: =E45/E847 -> #DIV/0! | F46: =F45/F847 -> #DIV/0! | H46: نسبة الى إيرادات النشاط | I46: ='موازنة 2027-2028 '!M46 -> 0.011818202 | J46: =J45/J847 -> #DIV/0! | K46: =K45/K847 -> #DIV/0! | L46: =L45/L847 -> #DIV/0! | M46: ='الاطار الموازنى راي الجهه عام'!K46 -> 0.011808213 | O46: =O45/O847 -> 0.011808213 | S46: 1
G47: 3111040000 | H47: بند 4 مواد تعبئة وتغليف | I47: ='موازنة 2027-2028 '!M47 -> 0 | M47: ='الاطار الموازنى راي الجهه عام'!K47 -> 0 | P47: =IF(O47>I47,O47-I47," ") | Q47: =IF(I47>O47,I47-O47," ") | S47: =S50 -> 0
G48: 3111040101 | H48: نوع(1) مواد تعبئة وتغليف مستهلكة | I48: ='موازنة 2027-2028 '!M48 -> 0 | L48: =K48*2 -> 0 | M48: ='الاطار الموازنى راي الجهه عام'!K48 -> 0 | N48: =M48-I48 -> 0 | P48: =IF(O48>I48,O48-I48," ") | Q48: =IF(I48>O48,I48-O48," ") | R48: =IF(O48=0,,O48/I48) -> 0 | S48: =SUM(A48+B48+C48+D48+E48+F48+I48+J48+K48+L48+M48+O48) -> 0
G49: 3111040201 | H49: نوع(2) مواد تعبئة وتغليف متداولة | I49: ='موازنة 2027-2028 '!M49 -> 0 | L49: =K49*2 -> 0 | M49: ='الاطار الموازنى راي الجهه عام'!K49 -> 0 | N49: =M49-I49 -> 0 | P49: =IF(O49>I49,O49-I49," ") | Q49: =IF(I49>O49,I49-O49," ") | R49: =IF(O49=0,,O49/I49) -> 0 | S49: =SUM(A49+B49+C49+D49+E49+F49+I49+J49+K49+L49+M49+O49) -> 0
A50: =SUM(A48:A49) -> 0 | B50: =SUM(B48:B49) -> 0 | C50: =SUM(C48:C49) -> 0 | D50: =SUM(D48:D49) -> 0 | E50: =SUM(E48:E49) -> 0 | F50: =SUM(F48:F49) -> 0 | H50: جملة بند (4) مواد تعبئة وتغليف | I50: ='موازنة 2027-2028 '!M50 -> 0 | J50: =SUM(J48:J49) -> 0 | K50: =SUM(K48:K49) -> 0 | L50: =SUM(L48:L49) -> 0 | M50: ='الاطار الموازنى راي الجهه عام'!K50 -> 0 | N50: =M50-I50 -> 0 | O50: =SUM(O48:O49) -> 0 | P50: =IF(O50>I50,O50-I50," ") | Q50: =IF(I50>O50,I50-O50," ") | R50: =IF(O50=0,,O50/I50) -> 0 | S50: =SUM(A50+B50+C50+D50+E50+F50+I50+J50+K50+L50+M50+O50) -> 0
A51: =A50/A847 -> #DIV/0! | B51: =B50/B847 -> #DIV/0! | C51: =C50/C847 -> #DIV/0! | D51: =D50/D847 -> #DIV/0! | E51: =E50/E847 -> #DIV/0! | F51: =F50/F847 -> #DIV/0! | H51: نسبة الى إيرادات النشاط | I51: ='موازنة 2027-2028 '!M51 -> 0 | J51: =J50/J847 -> #DIV/0! | K51: =K50/K847 -> #DIV/0! | L51: =L50/L847 -> #DIV/0! | M51: ='الاطار الموازنى راي الجهه عام'!K51 -> 0 | O51: =O50/O847 -> 0 | S51: 1
G52: 3111050000 | H52: بند 5 كهرباء ومياه | I52: ='موازنة 2027-2028 '!M52 -> 0 | M52: ='الاطار الموازنى راي الجهه عام'!K52 -> 0 | P52: =IF(O52>I52,O52-I52," ") | Q52: =IF(I52>O52,I52-O52," ") | S52: =S58 -> 1754000
G53: 3111050100 | H53: نوع (1) كهرباء | I53: ='موازنة 2027-2028 '!M53 -> 0 | M53: ='الاطار الموازنى راي الجهه عام'!K53 -> 0 | P53: =IF(O53>I53,O53-I53," ") | Q53: =IF(I53>O53,I53-O53," ") | S53: =S56 -> 1496000
G54: 3111050101 | H54: فرع (1) كهرباء تشغيل | I54: ='موازنة 2027-2028 '!M54 -> 0 | L54: =K54*2 -> 0 | M54: ='الاطار الموازنى راي الجهه عام'!K54 -> 0 | N54: =M54-I54 -> 0 | P54: =IF(O54>I54,O54-I54," ") | Q54: =IF(I54>O54,I54-O54," ") | R54: =IF(O54=0,,O54/I54) -> 0 | S54: =SUM(A54+B54+C54+D54+E54+F54+I54+J54+K54+L54+M54+O54) -> 0
G55: 3111050102 | H55: فرع (2) كهرباء إنارة | I55: ='موازنة 2027-2028 '!M55 -> 440000 | L55: =K55*2 -> 0 | M55: ='الاطار الموازنى راي الجهه عام'!K55 -> 528000 | N55: =M55-I55 -> 88000 | O55: 528000 | P55: =IF(O55>I55,O55-I55," ") -> 88000 | Q55: =IF(I55>O55,I55-O55," ") | R55: =IF(O55=0,,O55/I55) -> 1.2 | S55: =SUM(A55+B55+C55+D55+E55+F55+I55+J55+K55+L55+M55+O55) -> 1496000
A56: =SUM(A54:A55) -> 0 | B56: =SUM(B54:B55) -> 0 | C56: =SUM(C54:C55) -> 0 | D56: =SUM(D54:D55) -> 0 | E56: =SUM(E54:E55) -> 0 | F56: =SUM(F54:F55) -> 0 | H56: جملة نوع ( 1 ) | I56: ='موازنة 2027-2028 '!M56 -> 440000 | J56: =SUM(J54:J55) -> 0 | K56: =SUM(K54:K55) -> 0 | L56: =SUM(L54:L55) -> 0 | M56: ='الاطار الموازنى راي الجهه عام'!K56 -> 528000 | N56: =M56-I56 -> 88000 | O56: =SUM(O54:O55) -> 528000 | P56: =IF(O56>I56,O56-I56," ") -> 88000 | Q56: =IF(I56>O56,I56-O56," ") | R56: =IF(O56=0,,O56/I56) -> 1.2 | S56: =SUM(A56+B56+C56+D56+E56+F56+I56+J56+K56+L56+M56+O56) -> 1496000
G57: 3111050201 | H57: نوع (2) مياه | I57: ='موازنة 2027-2028 '!M57 -> 76000 | L57: =K57*2 -> 0 | M57: ='الاطار الموازنى راي الجهه عام'!K57 -> 91000 | N57: =M57-I57 -> 15000 | O57: 91000 | P57: =IF(O57>I57,O57-I57," ") -> 15000 | Q57: =IF(I57>O57,I57-O57," ") | R57: =IF(O57=0,,O57/I57) -> 1.1973684 | S57: =SUM(A57+B57+C57+D57+E57+F57+I57+J57+K57+L57+M57+O57) -> 258000
A58: =SUM(A56:A57) -> 0 | B58: =SUM(B56:B57) -> 0 | C58: =SUM(C56:C57) -> 0 | D58: =SUM(D56:D57) -> 0 | E58: =SUM(E56:E57) -> 0 | F58: =SUM(F56:F57) -> 0 | H58: جملة بند (5) كهرباء ومياه | I58: ='موازنة 2027-2028 '!M58 -> 516000 | J58: =SUM(J56:J57) -> 0 | K58: =SUM(K56:K57) -> 0 | L58: =SUM(L56:L57) -> 0 | M58: ='الاطار الموازنى راي الجهه عام'!K58 -> 619000 | N58: =M58-I58 -> 103000 | O58: =SUM(O56:O57) -> 619000 | P58: =IF(O58>I58,O58-I58," ") -> 103000 | Q58: =IF(I58>O58,I58-O58," ") | R58: =IF(O58=0,,O58/I58) -> 1.1996124 | S58: =SUM(A58+B58+C58+D58+E58+F58+I58+J58+K58+L58+M58+O58) -> 1754000
A59: =A58/A847 -> #DIV/0! | B59: =B58/B847 -> #DIV/0! | C59: =C58/C847 -> #DIV/0! | D59: =D58/D847 -> #DIV/0! | E59: =E58/E847 -> #DIV/0! | F59: =F58/F847 -> #DIV/0! | H59: نسبة الى إيرادات النشاط | I59: ='موازنة 2027-2028 '!M59 -> 0.01133493 | J59: =J58/J847 -> #DIV/0! | K59: =K58/K847 -> #DIV/0! | L59: =L58/L847 -> #DIV/0! | M59: ='الاطار الموازنى راي الجهه عام'!K59 -> 0.011332223 | O59: =O58/O847 -> 0.011332223 | S59: 1
G60: 3111060000 | H60: بند 6 ادوات كتابية و كتب | I60: ='موازنة 2027-2028 '!M60 -> 0 | M60: ='الاطار الموازنى راي الجهه عام'!K60 -> 0 | P60: =IF(O60>I60,O60-I60," ") | Q60: =IF(I60>O60,I60-O60," ") | S60: =S65 -> 1206000
G61: 3111060101 | H61: نوع (1) ادوات كتابية و كتب | I61: ='موازنة 2027-2028 '!M61 -> 190000 | L61: =K61*2 -> 0 | M61: ='الاطار الموازنى راي الجهه عام'!K61 -> 228000 | N61: =M61-I61 -> 38000 | O61: 228000 | P61: =IF(O61>I61,O61-I61," ") -> 38000 | Q61: =IF(I61>O61,I61-O61," ") | R61: =IF(O61=0,,O61/I61) -> 1.2 | S61: =SUM(A61+B61+C61+D61+E61+F61+I61+J61+K61+L61+M61+O61) -> 646000
G62: 3111060201 | H62: نوع(2) كتب ومجلات ووثائق أخرى للمكتبات | I62: ='موازنة 2027-2028 '!M62 -> 6000 | L62: =K62*2 -> 0 | M62: ='الاطار الموازنى راي الجهه عام'!K62 -> 7000 | N62: =M62-I62 -> 1000 | O62: 7000 | P62: =IF(O62>I62,O62-I62," ") -> 1000 | Q62: =IF(I62>O62,I62-O62," ") | R62: =IF(O62=0,,O62/I62) -> 1.1666667 | S62: =SUM(A62+B62+C62+D62+E62+F62+I62+J62+K62+L62+M62+O62) -> 20000
G63: 3111060301 | H63: نوع(3) كراسات ودفاتر | I63: ='موازنة 2027-2028 '!M63 -> 0 | L63: =K63*2 -> 0 | M63: ='الاطار الموازنى راي الجهه عام'!K63 -> 0 | N63: =M63-I63 -> 0 | O63: 0 | P63: =IF(O63>I63,O63-I63," ") | Q63: =IF(I63>O63,I63-O63," ") | R63: =IF(O63=0,,O63/I63) -> 0 | S63: =SUM(A63+B63+C63+D63+E63+F63+I63+J63+K63+L63+M63+O63) -> 0
G64: 3111060401 | H64: نوع(4) مطبوعات أخرى | I64: ='موازنة 2027-2028 '!M64 -> 160000 | L64: =K64*2 -> 0 | M64: ='الاطار الموازنى راي الجهه عام'!K64 -> 190000 | N64: =M64-I64 -> 30000 | O64: 190000 | P64: =IF(O64>I64,O64-I64," ") -> 30000 | Q64: =IF(I64>O64,I64-O64," ") | R64: =IF(O64=0,,O64/I64) -> 1.1875 | S64: =SUM(A64+B64+C64+D64+E64+F64+I64+J64+K64+L64+M64+O64) -> 540000
A65: =SUM(A61:A64) -> 0 | B65: =SUM(B61:B64) -> 0 | C65: =SUM(C61:C64) -> 0 | D65: =SUM(D61:D64) -> 0 | E65: =SUM(E61:E64) -> 0 | F65: =SUM(F61:F64) -> 0 | H65: جملة بند (6) ادوات كتابية و كتب | I65: ='موازنة 2027-2028 '!M65 -> 356000 | J65: =SUM(J61:J64) -> 0 | K65: =SUM(K61:K64) -> 0 | L65: =SUM(L61:L64) -> 0 | M65: ='الاطار الموازنى راي الجهه عام'!K65 -> 425000 | N65: =M65-I65 -> 69000 | O65: =SUM(O61:O64) -> 425000 | P65: =IF(O65>I65,O65-I65," ") -> 69000 | Q65: =IF(I65>O65,I65-O65," ") | R65: =IF(O65=0,,O65/I65) -> 1.1938202 | S65: =SUM(A65+B65+C65+D65+E65+F65+I65+J65+K65+L65+M65+O65) -> 1206000
A66: =A65/A847 -> #DIV/0! | B66: =B65/B847 -> #DIV/0! | C66: =C65/C847 -> #DIV/0! | D66: =D65/D847 -> #DIV/0! | E66: =E65/E847 -> #DIV/0! | F66: =F65/F847 -> #DIV/0! | H66: نسبة الى إيرادات النشاط | I66: ='موازنة 2027-2028 '!M66 -> 0.0078202227 | J66: =J65/$J$845 -> #DIV/0! | K66: =K65/$K$845 -> #DIV/0! | L66: =L65/$L$845 -> #DIV/0! | M66: ='الاطار الموازنى راي الجهه عام'!K66 -> 0.0077806052 | O66: =O65/$O$845 -> #DIV/0! | S66: 1
G67: 3111980101 | H67: اعتماد اجمالى على مستوى مجموعة (1) خامات ومواد ووقود وقطع غيار | I67: ='موازنة 2027-2028 '!M67 -> 0 | L67: =K67*2 -> 0 | M67: ='الاطار الموازنى راي الجهه عام'!K67 -> 0 | N67: =M67-I67 -> 0 | P67: =IF(O67>I67,O67-I67," ") | Q67: =IF(I67>O67,I67-O67," ") | R67: =IF(O67=0,,O67/I67) -> 0 | S67: =SUM(A67+B67+C67+D67+E67+F67+I67+J67+K67+L67+M67+O67) -> 0
A68: =A67+A65+A58+A50+A45+A40+A21 -> 0 | B68: =B67+B65+B58+B50+B45+B40+B21 -> 0 | C68: =C67+C65+C58+C50+C45+C40+C21 -> 0 | D68: =D67+D65+D58+D50+D45+D40+D21 -> 0 | E68: =E67+E65+E58+E50+E45+E40+E21 -> 0 | F68: =F67+F65+F58+F50+F45+F40+F21 -> 0 | H68: جملة مجموعة (1) خامات ومواد ووقود وقطع غيار | I68: ='موازنة 2027-2028 '!M68 -> 2082000 | J68: =J67+J65+J58+J50+J45+J40+J21 -> 0 | K68: =K67+K65+K58+K50+K45+K40+K21 -> 0 | L68: =L67+L65+L58+L50+L45+L40+L21 -> 0 | M68: ='الاطار الموازنى راي الجهه عام'!K68 -> 2495000 | N68: =M68-I68 -> 413000 | O68: =O67+O65+O58+O50+O45+O40+O21 -> 2495000 | P68: =IF(O68>I68,O68-I68," ") -> 413000 | Q68: =IF(I68>O68,I68-O68," ") | R68: =IF(O68=0,,O68/I68) -> 1.198367 | S68: =SUM(A68+B68+C68+D68+E68+F68+I68+J68+K68+L68+M68+O68) -> 7072000
G69: 3111990101 | H69: المستبعد | I69: ='موازنة 2027-2028 '!M69 -> 0 | L69: =K69*2 -> 0 | M69: ='الاطار الموازنى راي الجهه عام'!K69 -> 0 | N69: =M69-I69 -> 0 | P69: =IF(O69>I69,O69-I69," ") | Q69: =IF(I69>O69,I69-O69," ") | R69: =IF(O69=0,,O69/I69) -> 0 | S69: =SUM(A69+B69+C69+D69+E69+F69+I69+J69+K69+L69+M69+O69) -> 0
A70: =A68-A69 -> 0 | B70: =B68-B69 -> 0 | C70: =C68-C69 -> 0 | D70: =D68-D69 -> 0 | E70: =E68-E69 -> 0 | F70: =F68-F69 -> 0 | H70: صافى مجموعة ( 1 ) خامات ومواد ووقود وقطع غيار | I70: ='موازنة 2027-2028 '!M70 -> 2082000 | J70: =J68-J69 -> 0 | K70: =K68-K69 -> 0 | L70: =L68-L69 -> 0 | M70: ='الاطار الموازنى راي الجهه عام'!K70 -> 2495000 | N70: =M70-I70 -> 413000 | O70: =O68-O69 -> 2495000 | P70: =IF(O70>I70,O70-I70," ") -> 413000 | Q70: =IF(I70>O70,I70-O70," ") | R70: =IF(O70=0,,O70/I70) -> 1.198367 | S70: =SUM(A70+B70+C70+D70+E70+F70+I70+J70+K70+L70+M70+O70) -> 7072000
C71: =(C70-A70)/A70 -> #DIV/0! | D71: =(D70-B70)/B70 -> #DIV/0! | E71: =(E70-C70)/C70 -> #DIV/0! | F71: =(F70-D70)/D70 -> #DIV/0! | H71: نسبة التطور | I71: ='موازنة 2027-2028 '!M71 -> #DIV/0! | M71: ='الاطار الموازنى راي الجهه عام'!K71 -> #VALUE! | O71: =(O70-J70)/J70 -> #DIV/0! | S71: 1
G72: 3112000000 | H72: مجموعة (2) الأجـــــــــــــــــــور | I72: ='موازنة 2027-2028 '!M72 -> 0 | L72: =K72*2 -> 0 | M72: ='الاطار الموازنى راي الجهه عام'!K72 -> 0 | N72: =M72-I72 -> 0 | P72: =IF(O72>I72,O72-I72," ") | Q72: =IF(I72>O72,I72-O72," ") | S72: =S191 -> 78919000
G73: 3112010000 | H73: بند 1 - أجـــور نقدية | I73: ='موازنة 2027-2028 '!M73 -> 0 | L73: =K73*2 -> 0 | M73: ='الاطار الموازنى راي الجهه عام'!K73 -> 0 | N73: =M73-I73 -> 0 | P73: =IF(O73>I73,O73-I73," ") | Q73: =IF(I73>O73,I73-O73," ") | S73: =S164 -> 53700000
G74: 3112010100 | H74: نوع(1) الوظائف الدائمة | I74: ='موازنة 2027-2028 '!M74 -> 0 | L74: =K74*2 -> 0 | M74: ='الاطار الموازنى راي الجهه عام'!K74 -> 0 | N74: =M74-I74 -> 0 | P74: =IF(O74>I74,O74-I74," ") | Q74: =IF(I74>O74,I74-O74," ") | S74: =S78 -> 4452000
G75: 3112010101 | H75: فرع (1) أجور أساسية | I75: ='موازنة 2027-2028 '!M75 -> 1348000 | L75: =K75*2 -> 0 | M75: ='الاطار الموازنى راي الجهه عام'!K75 -> 1552000 | N75: =M75-I75 -> 204000 | O75: 1552000 | P75: =IF(O75>I75,O75-I75," ") -> 204000 | Q75: =IF(I75>O75,I75-O75," ") | R75: =IF(O75=0,,O75/I75) -> 1.1513353 | S75: =SUM(A75+B75+C75+D75+E75+F75+I75+J75+K75+L75+M75+O75) -> 4452000
G76: 3112010102 | H76: فرع (2) الأجر الوظيفي | I76: ='موازنة 2027-2028 '!M76 -> 0 | L76: =K76*2 -> 0 | M76: ='الاطار الموازنى راي الجهه عام'!K76 -> 0 | N76: =M76-I76 -> 0 | P76: =IF(O76>I76,O76-I76," ") | Q76: =IF(I76>O76,I76-O76," ") | R76: =IF(O76=0,,O76/I76) -> 0 | S76: =SUM(A76+B76+C76+D76+E76+F76+I76+J76+K76+L76+M76+O76) -> 0
G77: 3112010103 | H77: فرع (3) تكاليف وأجور ومرتبات المخاطبين بأحكام القانون رقم 28 لسنة 2018 | I77: ='موازنة 2027-2028 '!M77 -> 0 | L77: =K77*2 -> 0 | M77: ='الاطار الموازنى راي الجهه عام'!K77 -> 0 | N77: =M77-I77 -> 0 | P77: =IF(O77>I77,O77-I77," ") | Q77: =IF(I77>O77,I77-O77," ") | R77: =IF(O77=0,,O77/I77) -> 0 | S77: =SUM(A77+B77+C77+D77+E77+F77+I77+J77+K77+L77+M77+O77) -> 0
A78: =SUM(A75:A77) -> 0 | B78: =SUM(B75:B77) -> 0 | C78: =SUM(C75:C77) -> 0 | D78: =SUM(D75:D77) -> 0 | E78: =SUM(E75:E77) -> 0 | F78: =SUM(F75:F77) -> 0 | H78: جملة نوع ( 1 ) | I78: ='موازنة 2027-2028 '!M78 -> 1348000 | J78: =SUM(J75:J77) -> 0 | K78: =SUM(K75:K77) -> 0 | L78: =SUM(L75:L77) -> 0 | M78: ='الاطار الموازنى راي الجهه عام'!K78 -> 1552000 | N78: =M78-I78 -> 204000 | O78: =SUM(O75:O77) -> 1552000 | P78: =IF(O78>I78,O78-I78," ") -> 204000 | Q78: =IF(I78>O78,I78-O78," ") | R78: =IF(O78=0,,O78/I78) -> 1.1513353 | S78: =SUM(A78+B78+C78+D78+E78+F78+I78+J78+K78+L78+M78+O78) -> 4452000
G79: 3112010200 | H79: نوع(2)المكافأت الشاملة | I79: ='موازنة 2027-2028 '!M79 -> 0 | L79: =K79*2 -> 0 | M79: ='الاطار الموازنى راي الجهه عام'!K79 -> 0 | N79: =M79-I79 -> 0 | P79: =IF(O79>I79,O79-I79," ") | Q79: =IF(I79>O79,I79-O79," ") | S79: =S85 -> 14931000
G80: 3112010201 | H80: فرع (1) مكافآت الخبراء الوطنيين | I80: ='موازنة 2027-2028 '!M80 -> 0 | L80: =K80*2 -> 0 | M80: ='الاطار الموازنى راي الجهه عام'!K80 -> 0 | N80: =M80-I80 -> 0 | P80: =IF(O80>I80,O80-I80," ") | Q80: =IF(I80>O80,I80-O80," ") | R80: =IF(O80=0,,O80/I80) -> 0 | S80: =SUM(A80+B80+C80+D80+E80+F80+I80+J80+K80+L80+M80+O80) -> 0
G81: 3112010202 | H81: فرع (2) مكافآت الخبراء الأجانب | I81: ='موازنة 2027-2028 '!M81 -> 0 | L81: =K81*2 -> 0 | M81: ='الاطار الموازنى راي الجهه عام'!K81 -> 0 | N81: =M81-I81 -> 0 | P81: =IF(O81>I81,O81-I81," ") | Q81: =IF(I81>O81,I81-O81," ") | R81: =IF(O81=0,,O81/I81) -> 0 | S81: =SUM(A81+B81+C81+D81+E81+F81+I81+J81+K81+L81+M81+O81) -> 0
G82: 3112010203 | H82: فرع (3) المعينون بمكافآت شاملة | I82: ='موازنة 2027-2028 '!M82 -> 1624000 | L82: =K82*2 -> 0 | M82: ='الاطار الموازنى راي الجهه عام'!K82 -> 1786000 | N82: =M82-I82 -> 162000 | O82: 1786000 | P82: =IF(O82>I82,O82-I82," ") -> 162000 | Q82: =IF(I82>O82,I82-O82," ") | R82: =IF(O82=0,,O82/I82) -> 1.0997537 | S82: =SUM(A82+B82+C82+D82+E82+F82+I82+J82+K82+L82+M82+O82) -> 5196000
G83: 3112010204 | H83: فرع (4) أجور الموسميين والعمالة العرضية | I83: ='موازنة 2027-2028 '!M83 -> 3075000 | L83: =K83*2 -> 0 | M83: ='الاطار الموازنى راي الجهه عام'!K83 -> 3330000 | N83: =M83-I83 -> 255000 | O83: 3330000 | P83: =IF(O83>I83,O83-I83," ") -> 255000 | Q83: =IF(I83>O83,I83-O83," ") | R83: =IF(O83=0,,O83/I83) -> 1.0829268 | S83: =SUM(A83+B83+C83+D83+E83+F83+I83+J83+K83+L83+M83+O83) -> 9735000
G84: 3112010205 | H84: فرع (5) مكافآت الصبية | I84: ='موازنة 2027-2028 '!M84 -> 0 | L84: =K84*2 -> 0 | M84: ='الاطار الموازنى راي الجهه عام'!K84 -> 0 | N84: =M84-I84 -> 0 | P84: =IF(O84>I84,O84-I84," ") | Q84: =IF(I84>O84,I84-O84," ") | R84: =IF(O84=0,,O84/I84) -> 0 | S84: =SUM(A84+B84+C84+D84+E84+F84+I84+J84+K84+L84+M84+O84) -> 0
A85: =SUM(A80:A84) -> 0 | B85: =SUM(B80:B84) -> 0 | C85: =SUM(C80:C84) -> 0 | D85: =SUM(D80:D84) -> 0 | E85: =SUM(E80:E84) -> 0 | F85: =SUM(F80:F84) -> 0 | H85: جملة نوع ( 2 ) | I85: ='موازنة 2027-2028 '!M85 -> 4699000 | J85: =SUM(J80:J84) -> 0 | K85: =SUM(K80:K84) -> 0 | L85: =SUM(L80:L84) -> 0 | M85: ='الاطار الموازنى راي الجهه عام'!K85 -> 5116000 | N85: =M85-I85 -> 417000 | O85: =SUM(O80:O84) -> 5116000 | P85: =IF(O85>I85,O85-I85," ") -> 417000 | Q85: =IF(I85>O85,I85-O85," ") | R85: =IF(O85=0,,O85/I85) -> 1.0887423 | S85: =SUM(A85+B85+C85+D85+E85+F85+I85+J85+K85+L85+M85+O85) -> 14931000
A86: =A85/$A$845 -> #DIV/0! | B86: =B85/$B$845 -> #DIV/0! | C86: =C85/$C$845 -> #DIV/0! | D86: =D85/$D$845 -> #DIV/0! | E86: =E85/$E$845 -> #DIV/0! | F86: =F85/$F$845 -> #DIV/0! | H86: نسبة الى مبيعات الإنتاج التام | I86: ='موازنة 2027-2028 '!M86 -> #DIV/0! | J86: =J85/$J$845 -> #DIV/0! | K86: =K85/$K$845 -> #DIV/0! | L86: =L85/$L$845 -> #DIV/0! | M86: ='الاطار الموازنى راي الجهه عام'!K86 -> #DIV/0! | O86: =O85/$O$845 -> #DIV/0! | S86: 1
A87: =A85/A847 -> #DIV/0! | B87: =B85/B847 -> #DIV/0! | C87: =C85/C847 -> #DIV/0! | D87: =D85/D847 -> #DIV/0! | E87: =E85/E847 -> #DIV/0! | F87: =F85/F847 -> #DIV/0! | H87: نسبة الى إيرادات النشاط | I87: ='موازنة 2027-2028 '!M87 -> 0.10322255 | J87: =J85/J847 -> #DIV/0! | K87: =K85/K847 -> #DIV/0! | L87: =L85/L847 -> #DIV/0! | M87: ='الاطار الموازنى راي الجهه عام'!K87 -> 0.09366018 | O87: =O85/O847 -> 0.09366018 | S87: 1
G88: 3112010301 | H88: نوع (3) تكاليف المعارين وتتحمل الهيئة / الشركة بمرتباتهم | I88: ='موازنة 2027-2028 '!M88 -> 300000 | L88: =K88*2 -> 0 | M88: ='الاطار الموازنى راي الجهه عام'!K88 -> 300000 | N88: =M88-I88 -> 0 | O88: =M88 -> 300000 | P88: =IF(O88>I88,O88-I88," ") | Q88: =IF(I88>O88,I88-O88," ") | R88: =IF(O88=0,,O88/I88) -> 1 | S88: =SUM(A88+B88+C88+D88+E88+F88+I88+J88+K88+L88+M88+O88) -> 900000
G89: 3112010401 | H89: نوع (4) تكاليف الأجازات الدراسية و المنح التدريبية | I89: ='موازنة 2027-2028 '!M89 -> 0 | L89: =K89*2 -> 0 | M89: ='الاطار الموازنى راي الجهه عام'!K89 -> 0 | N89: =M89-I89 -> 0 | P89: =IF(O89>I89,O89-I89," ") | Q89: =IF(I89>O89,I89-O89," ") | R89: =IF(O89=0,,O89/I89) -> 0 | S89: =SUM(A89+B89+C89+D89+E89+F89+I89+J89+K89+L89+M89+O89) -> 0
G90: 3112010500 | H90: نوع (5) المكافآت | I90: ='موازنة 2027-2028 '!M90 -> 0 | M90: ='الاطار الموازنى راي الجهه عام'!K90 -> 0 | P90: =IF(O90>I90,O90-I90," ") | Q90: =IF(I90>O90,I90-O90," ") | S90: =S108 -> 30885000
G91: 3112010501 | H91: فرع (1) تعويض العاملين عن جهود غير عادية | I91: ='موازنة 2027-2028 '!M91 -> 1550000 | L91: =K91*2 -> 0 | M91: ='الاطار الموازنى راي الجهه عام'!K91 -> 1550000 | N91: =M91-I91 -> 0 | O91: 1550000 | P91: =IF(O91>I91,O91-I91," ") | Q91: =IF(I91>O91,I91-O91," ") | R91: =IF(O91=0,,O91/I91) -> 1 | S91: =SUM(A91+B91+C91+D91+E91+F91+I91+J91+K91+L91+M91+O91) -> 4650000
G92: 3112010502 | H92: فرع (2) مكافآت عن أعمال إضافية | I92: ='موازنة 2027-2028 '!M92 -> 927000 | L92: =K92*2 -> 0 | M92: ='الاطار الموازنى راي الجهه عام'!K92 -> 927000 | N92: =M92-I92 -> 0 | O92: 927000 | P92: =IF(O92>I92,O92-I92," ") | Q92: =IF(I92>O92,I92-O92," ") | R92: =IF(O92=0,,O92/I92) -> 1 | S92: =SUM(A92+B92+C92+D92+E92+F92+I92+J92+K92+L92+M92+O92) -> 2781000
G93: 3112010503 | H93: فرع (3) مكافآت طوارئ للعسكريين أو المجندين | I93: ='موازنة 2027-2028 '!M93 -> 0 | L93: =K93*2 -> 0 | M93: ='الاطار الموازنى راي الجهه عام'!K93 -> 0 | N93: =M93-I93 -> 0 | O93: 0 | P93: =IF(O93>I93,O93-I93," ") | Q93: =IF(I93>O93,I93-O93," ") | R93: =IF(O93=0,,O93/I93) -> 0 | S93: =SUM(A93+B93+C93+D93+E93+F93+I93+J93+K93+L93+M93+O93) -> 0
G94: 3112010504 | H94: فرع (4) مكافآت إنتاجية و تشجيعية | I94: ='موازنة 2027-2028 '!M94 -> 2810000 | L94: =K94*2 -> 0 | M94: ='الاطار الموازنى راي الجهه عام'!K94 -> 2810000 | N94: =M94-I94 -> 0 | O94: 2810000 | P94: =IF(O94>I94,O94-I94," ") | Q94: =IF(I94>O94,I94-O94," ") | R94: =IF(O94=0,,O94/I94) -> 1 | S94: =SUM(A94+B94+C94+D94+E94+F94+I94+J94+K94+L94+M94+O94) -> 8430000
G95: 3112010505 | H95: فرع (5) حوافز للعاملين | I95: ='موازنة 2027-2028 '!M95 -> 1893000 | L95: =K95*2 -> 0 | M95: ='الاطار الموازنى راي الجهه عام'!K95 -> 1893000 | N95: =M95-I95 -> 0 | O95: 1893000 | P95: =IF(O95>I95,O95-I95," ") | Q95: =IF(I95>O95,I95-O95," ") | R95: =IF(O95=0,,O95/I95) -> 1 | S95: =SUM(A95+B95+C95+D95+E95+F95+I95+J95+K95+L95+M95+O95) -> 5679000
G96: 3112010506 | H96: فرع (6) مكافآت حضور جلسات و لجان | I96: ='موازنة 2027-2028 '!M96 -> 660000 | L96: =K96*2 -> 0 | M96: ='الاطار الموازنى راي الجهه عام'!K96 -> 660000 | N96: =M96-I96 -> 0 | O96: 660000 | P96: =IF(O96>I96,O96-I96," ") | Q96: =IF(I96>O96,I96-O96," ") | R96: =IF(O96=0,,O96/I96) -> 1 | S96: =SUM(A96+B96+C96+D96+E96+F96+I96+J96+K96+L96+M96+O96) -> 1980000
G97: 3112010507 | H97: فرع (7) مكافآت تدريس و إشراف و امتحانات | I97: ='موازنة 2027-2028 '!M97 -> 0 | L97: =K97*2 -> 0 | M97: ='الاطار الموازنى راي الجهه عام'!K97 -> 0 | N97: =M97-I97 -> 0 | O97: =M97 -> 0 | P97: =IF(O97>I97,O97-I97," ") | Q97: =IF(I97>O97,I97-O97," ") | R97: =IF(O97=0,,O97/I97) -> 0 | S97: =SUM(A97+B97+C97+D97+E97+F97+I97+J97+K97+L97+M97+O97) -> 0
G98: 3112010508 | H98: فرع (8) مكافآت تدريب | I98: ='موازنة 2027-2028 '!M98 -> 0 | L98: =K98*2 -> 0 | M98: ='الاطار الموازنى راي الجهه عام'!K98 -> 0 | N98: =M98-I98 -> 0 | O98: =M98 -> 0 | P98: =IF(O98>I98,O98-I98," ") | Q98: =IF(I98>O98,I98-O98," ") | R98: =IF(O98=0,,O98/I98) -> 0 | S98: =SUM(A98+B98+C98+D98+E98+F98+I98+J98+K98+L98+M98+O98) -> 0
G99: 3112010509 | H99: فرع (9) مكافآت محو الأمية | I99: ='موازنة 2027-2028 '!M99 -> 0 | L99: =K99*2 -> 0 | M99: ='الاطار الموازنى راي الجهه عام'!K99 -> 0 | N99: =M99-I99 -> 0 | O99: =M99 -> 0 | P99: =IF(O99>I99,O99-I99," ") | Q99: =IF(I99>O99,I99-O99," ") | R99: =IF(O99=0,,O99/I99) -> 0 | S99: =SUM(A99+B99+C99+D99+E99+F99+I99+J99+K99+L99+M99+O99) -> 0
G100: 3112010510 | H100: فرع (10) مكافآت عن أعمال أخري | I100: ='موازنة 2027-2028 '!M100 -> 200000 | L100: =K100*2 -> 0 | M100: ='الاطار الموازنى راي الجهه عام'!K100 -> 200000 | N100: =M100-I100 -> 0 | O100: 200000 | P100: =IF(O100>I100,O100-I100," ") | Q100: =IF(I100>O100,I100-O100," ") | R100: =IF(O100=0,,O100/I100) -> 1 | S100: =SUM(A100+B100+C100+D100+E100+F100+I100+J100+K100+L100+M100+O100) -> 600000
...

Sheet موازنة 2029-2030
A1: مشروع موازنة السنة المالية 2029/ 2030
D2: ='موازنة 2028 -2029'!D2:O2 -> جهاز تنمية شبه جزيرة سيناء | P2: " القيمة بالجنيه "
A3: موازنة السنة المالية 2021/ 2022 | C3: موازنة السنة المالية 2022/ 2023 | E3: موازنة السنة المالية 2024/ 2025 | G3: الكود الاقتصادى | H3: البيان | I3: مقترح موازنة 2028/ 2029 | M3: مقترح الجهه | N3: الزيادة في راي الجهة | O3: موازنة العام المالى 2029/ 2030 | P3: التغير | R3: النسبة
A4: ربط | B4: ختامي | C4: ربط | D4: ختامي | E4: ربط | F4: ختامي | J4: ربط معدل ديسمبر2024 | K4: فعلى ديسمبر2024 | L4: المتوقع | P4: الزيادة | Q4: الخفض
G5: 3110000000 | H5: التكاليف و المصروفات | S5: =S437 -> 40256000
G6: 3111000000 | H6: مجموعة (1) خامات ومواد ووقود وقطع غيار | S6: =S70 -> 2495000
G7: 3111010000 | H7: بند 1 - خامات ومدخلات انتاج | S7: =S21 -> 0
G8: 3111010100 | H8: نوع(1) خامات | S8: =S12 -> 0
G9: 3111010101 | H9: فرع (1) خامات رئيسية | I9: ='موازنة 2028 -2029'!M9 -> 0 | L9: =K9*2 -> 0 | M9: ='الاطار الموازنى راي الجهه عام'!M9 -> 0 | N9: =M9-I9 -> 0 | P9: =IF(O9>I9,O9-I9," ") | Q9: =IF(I9>O9,I9-O9," ") | R9: =IF(O9=0,,O9/I9) -> 0 | S9: =SUM(A9+B9+C9+D9+E9+F9+I9+J9+K9+L9+M9+O9) -> 0
G10: 3111010102 | H10: فرع (2) خامات مساعدة | I10: ='موازنة 2028 -2029'!M10 -> 0 | L10: =K10*2 -> 0 | M10: ='الاطار الموازنى راي الجهه عام'!M10 -> 0 | N10: =M10-I10 -> 0 | P10: =IF(O10>I10,O10-I10," ") | Q10: =IF(I10>O10,I10-O10," ") | R10: =IF(O10=0,,O10/I10) -> 0 | S10: =SUM(A10+B10+C10+D10+E10+F10+I10+J10+K10+L10+M10+O10) -> 0
G11: 3111010103 | H11: فرع (3) أخرى | I11: ='موازنة 2028 -2029'!M11 -> 0 | L11: =K11*2 -> 0 | M11: ='الاطار الموازنى راي الجهه عام'!M11 -> 0 | N11: =M11-I11 -> 0 | P11: =IF(O11>I11,O11-I11," ") | Q11: =IF(I11>O11,I11-O11," ") | R11: =IF(O11=0,,O11/I11) -> 0 | S11: =SUM(A11+B11+C11+D11+E11+F11+I11+J11+K11+L11+M11+O11) -> 0
A12: =SUM(A9:A11) -> 0 | B12: =SUM(B9:B11) -> 0 | C12: =SUM(C9:C11) -> 0 | D12: =SUM(D9:D11) -> 0 | E12: =SUM(E9:E11) -> 0 | F12: =SUM(F9:F11) -> 0 | H12: جملة نوع ( 1 ) | I12: ='موازنة 2028 -2029'!M12 -> 0 | J12: =SUM(J9:J11) -> 0 | K12: =SUM(K9:K11) -> 0 | L12: =SUM(L9:L11) -> 0 | M12: ='الاطار الموازنى راي الجهه عام'!M12 -> 0 | N12: =M12-I12 -> 0 | O12: =SUM(O9:O11) -> 0 | P12: =IF(O12>I12,O12-I12," ") | Q12: =IF(I12>O12,I12-O12," ") | R12: =IF(O12=0,,O12/I12) -> 0 | S12: =SUM(A12+B12+C12+D12+E12+F12+I12+J12+K12+L12+M12+O12) -> 0
A13: =A12/A847 -> #DIV/0! | B13: =B12/B847 -> #DIV/0! | C13: =C12/C847 -> #DIV/0! | D13: =D12/D847 -> #DIV/0! | E13: =E12/E847 -> #DIV/0! | F13: =F12/F847 -> #DIV/0! | H13: نسبة الى إيرادات النشاط | I13: ='موازنة 2028 -2029'!M13 -> 0 | J13: =J12/J847 -> #DIV/0! | K13: =K12/K847 -> #DIV/0! | L13: =L12/L847 -> #DIV/0! | M13: ='الاطار الموازنى راي الجهه عام'!M13 -> #DIV/0! | O13: =O12/O847 -> #DIV/0! | S13: 1
G14: 3111010200 | H14: نوع(2) مدخلات أنتاج | I14: ='موازنة 2028 -2029'!M14 -> 0 | M14: ='الاطار الموازنى راي الجهه عام'!M14 -> 0 | N14: =M14-I14 -> 0 | P14: =IF(O14>I14,O14-I14," ") | Q14: =IF(I14>O14,I14-O14," ") | S14: =S19 -> 0
G15: 3111010201 | H15: فرع (1) ألأراضي المستخدمة في تنفيذ مشروعات التعمير والإسكان التي يتم بيعها مع الوحدات السكنية المقامة عليها | I15: ='موازنة 2028 -2029'!M15 -> 0 | L15: =K15*2 -> 0 | M15: ='الاطار الموازنى راي الجهه عام'!M15 -> 0 | N15: =M15-I15 -> 0 | P15: =IF(O15>I15,O15-I15," ") | Q15: =IF(I15>O15,I15-O15," ") | R15: =IF(O15=0,,O15/I15) -> 0 | S15: =SUM(A15+B15+C15+D15+E15+F15+I15+J15+K15+L15+M15+O15) -> 0
G16: 3111010202 | H16: فرع (2) ألأراضي المخصصة لمشروعات الاستصلاح والاستزراع التي يتم تنفيذها بغرض البيع للغير | I16: ='موازنة 2028 -2029'!M16 -> 0 | L16: =K16*2 -> 0 | M16: ='الاطار الموازنى راي الجهه عام'!M16 -> 0 | N16: =M16-I16 -> 0 | P16: =IF(O16>I16,O16-I16," ") | Q16: =IF(I16>O16,I16-O16," ") | R16: =IF(O16=0,,O16/I16) -> 0 | S16: =SUM(A16+B16+C16+D16+E16+F16+I16+J16+K16+L16+M16+O16) -> 0
G17: 3111010203 | H17: فرع (3) مخلفات إنتاج يتم تشغيلها مرة أخري | I17: ='موازنة 2028 -2029'!M17 -> 0 | L17: =K17*2 -> 0 | M17: ='الاطار الموازنى راي الجهه عام'!M17 -> 0 | N17: =M17-I17 -> 0 | P17: =IF(O17>I17,O17-I17," ") | Q17: =IF(I17>O17,I17-O17," ") | R17: =IF(O17=0,,O17/I17) -> 0 | S17: =SUM(A17+B17+C17+D17+E17+F17+I17+J17+K17+L17+M17+O17) -> 0
G18: 3111010204 | H18: فرع (4) مخلفات إنتاج أخري | I18: ='موازنة 2028 -2029'!M18 -> 0 | L18: =K18*2 -> 0 | M18: ='الاطار الموازنى راي الجهه عام'!M18 -> 0 | N18: =M18-I18 -> 0 | P18: =IF(O18>I18,O18-I18," ") | Q18: =IF(I18>O18,I18-O18," ") | R18: =IF(O18=0,,O18/I18) -> 0 | S18: =SUM(A18+B18+C18+D18+E18+F18+I18+J18+K18+L18+M18+O18) -> 0
A19: =SUM(A15:A18) -> 0 | B19: =SUM(B15:B18) -> 0 | C19: =SUM(C15:C18) -> 0 | D19: =SUM(D15:D18) -> 0 | E19: =SUM(E15:E18) -> 0 | F19: =SUM(F15:F18) -> 0 | H19: جملة نوع ( 2 ) | I19: ='موازنة 2028 -2029'!M19 -> 0 | J19: =SUM(J15:J18) -> 0 | K19: =SUM(K15:K18) -> 0 | L19: =SUM(L15:L18) -> 0 | M19: ='الاطار الموازنى راي الجهه عام'!M19 -> 0 | N19: =M19-I19 -> 0 | O19: =SUM(O15:O18) -> 0 | P19: =IF(O19>I19,O19-I19," ") | Q19: =IF(I19>O19,I19-O19," ") | R19: =IF(O19=0,,O19/I19) -> 0 | S19: =SUM(A19+B19+C19+D19+E19+F19+I19+J19+K19+L19+M19+O19) -> 0
A20: =A19/A847 -> #DIV/0! | B20: =B19/B847 -> #DIV/0! | C20: =C19/C847 -> #DIV/0! | D20: =D19/D847 -> #DIV/0! | E20: =E19/E847 -> #DIV/0! | F20: =F19/F847 -> #DIV/0! | H20: نسبة الى إيرادات النشاط | I20: ='موازنة 2028 -2029'!M20 -> 0 | J20: =J19/J847 -> #DIV/0! | K20: =K19/K847 -> #DIV/0! | L20: =L19/L847 -> #DIV/0! | M20: ='الاطار الموازنى راي الجهه عام'!M20 -> #DIV/0! | O20: =O19/O847 -> #DIV/0! | S20: 1
A21: =A12+A19 -> 0 | B21: =B12+B19 -> 0 | C21: =C12+C19 -> 0 | D21: =D12+D19 -> 0 | E21: =E12+E19 -> 0 | F21: =F12+F19 -> 0 | H21: جملة بند 1 - خامات ومدخلات انتاج | I21: ='موازنة 2028 -2029'!M21 -> 0 | J21: =J12+J19 -> 0 | K21: =K12+K19 -> 0 | L21: =K21*2 -> 0 | M21: ='الاطار الموازنى راي الجهه عام'!M21 -> 0 | N21: =M21-I21 -> 0 | O21: =O12+O19 -> 0 | P21: =IF(O21>I21,O21-I21," ") | Q21: =IF(I21>O21,I21-O21," ") | R21: =IF(O21=0,,O21/I21) -> 0 | S21: =SUM(A21+B21+C21+D21+E21+F21+I21+J21+K21+L21+M21+O21) -> 0
G22: 3111020000 | H22: بند 2 وقود وزيوت | I22: ='موازنة 2028 -2029'!M22 -> 0 | M22: ='الاطار الموازنى راي الجهه عام'!M22 -> 0 | P22: =IF(O22>I22,O22-I22," ") | Q22: =IF(I22>O22,I22-O22," ") | S22: =S40 -> 806000
G23: 3111020101 | H23: نوع (1) فحومات | I23: ='موازنة 2028 -2029'!M23 -> 0 | L23: =K23*2 -> 0 | M23: ='الاطار الموازنى راي الجهه عام'!M23 -> 0 | N23: =M23-I23 -> 0 | P23: =IF(O23>I23,O23-I23," ") | Q23: =IF(I23>O23,I23-O23," ") | R23: =IF(O23=0,,O23/I23) -> 0 | S23: =SUM(A23+B23+C23+D23+E23+F23+I23+J23+K23+L23+M23+O23) -> 0
G24: 3111020200 | H24: نوع (2) مواد بترولية | I24: ='موازنة 2028 -2029'!M24 -> 0 | M24: ='الاطار الموازنى راي الجهه عام'!M24 -> 0 | P24: =IF(O24>I24,O24-I24," ") | Q24: =IF(I24>O24,I24-O24," ") | S24: =S27 -> 683000
G25: 3111020201 | H25: فرع (1) مواد بترولية للتشغيل | I25: ='موازنة 2028 -2029'!M25 -> 0 | L25: =K25*2 -> 0 | M25: ='الاطار الموازنى راي الجهه عام'!M25 -> 0 | N25: =M25-I25 -> 0 | P25: =IF(O25>I25,O25-I25," ") | Q25: =IF(I25>O25,I25-O25," ") | R25: =IF(O25=0,,O25/I25) -> 0 | S25: =SUM(A25+B25+C25+D25+E25+F25+I25+J25+K25+L25+M25+O25) -> 0
G26: 3111020202 | H26: فرع (2) مواد بترولية لسيارات الركوب | I26: ='موازنة 2028 -2029'!M26 -> 683000 | L26: =K26*2 -> 0 | M26: ='الاطار الموازنى راي الجهه عام'!M26 -> 0 | N26: =M26-I26 -> -683000 | P26: =IF(O26>I26,O26-I26," ") | Q26: =IF(I26>O26,I26-O26," ") -> 683000 | R26: =IF(O26=0,,O26/I26) -> 0 | S26: =SUM(A26+B26+C26+D26+E26+F26+I26+J26+K26+L26+M26+O26) -> 683000
A27: =SUM(A25:A26) -> 0 | B27: =SUM(B25:B26) -> 0 | C27: =SUM(C25:C26) -> 0 | D27: =SUM(D25:D26) -> 0 | E27: =SUM(E25:E26) -> 0 | F27: =SUM(F25:F26) -> 0 | H27: جملة نوع ( 2 ) | I27: ='موازنة 2028 -2029'!M27 -> 683000 | J27: =SUM(J25:J26) -> 0 | K27: =SUM(K25:K26) -> 0 | L27: =SUM(L25:L26) -> 0 | M27: ='الاطار الموازنى راي الجهه عام'!M27 -> 0 | N27: =M27-I27 -> -683000 | O27: =SUM(O25:O26) -> 0 | P27: =IF(O27>I27,O27-I27," ") | Q27: =IF(I27>O27,I27-O27," ") -> 683000 | R27: =IF(O27=0,,O27/I27) -> 0 | S27: =SUM(A27+B27+C27+D27+E27+F27+I27+J27+K27+L27+M27+O27) -> 683000
A28: =A27/A847 -> #DIV/0! | B28: =B27/B847 -> #DIV/0! | C28: =C27/C847 -> #DIV/0! | D28: =D27/D847 -> #DIV/0! | E28: =E27/E847 -> #DIV/0! | F28: =F27/F847 -> #DIV/0! | H28: نسبة الى إيرادات النشاط | I28: ='موازنة 2028 -2029'!M28 -> 0.01250389 | J28: =J27/J847 -> #DIV/0! | K28: =K27/K847 -> #DIV/0! | L28: =L27/L847 -> #DIV/0! | M28: ='الاطار الموازنى راي الجهه عام'!M28 -> #DIV/0! | O28: =O27/O847 -> #DIV/0! | S28: 1
G29: 3111020300 | H29: نوع (3) مواد تزييت و تشحيم | I29: ='موازنة 2028 -2029'!M29 -> 0 | M29: ='الاطار الموازنى راي الجهه عام'!M29 -> 0 | P29: =IF(O29>I29,O29-I29," ") | Q29: =IF(I29>O29,I29-O29," ") | S29: =S32 -> 114000
G30: 3111020301 | H30: فرع (1) مواد تزييت و شحومات للتشغيل | I30: ='موازنة 2028 -2029'!M30 -> 0 | L30: =K30*2 -> 0 | M30: ='الاطار الموازنى راي الجهه عام'!M30 -> 0 | N30: =M30-I30 -> 0 | P30: =IF(O30>I30,O30-I30," ") | Q30: =IF(I30>O30,I30-O30," ") | R30: =IF(O30=0,,O30/I30) -> 0 | S30: =SUM(A30+B30+C30+D30+E30+F30+I30+J30+K30+L30+M30+O30) -> 0
G31: 3111020302 | H31: فرع (2) مواد تزييت وشحومات لسيارات الركوب | I31: ='موازنة 2028 -2029'!M31 -> 114000 | L31: =K31*2 -> 0 | M31: ='الاطار الموازنى راي الجهه عام'!M31 -> 0 | N31: =M31-I31 -> -114000 | P31: =IF(O31>I31,O31-I31," ") | Q31: =IF(I31>O31,I31-O31," ") -> 114000 | R31: =IF(O31=0,,O31/I31) -> 0 | S31: =SUM(A31+B31+C31+D31+E31+F31+I31+J31+K31+L31+M31+O31) -> 114000
A32: =SUM(A30:A31) -> 0 | B32: =SUM(B30:B31) -> 0 | C32: =SUM(C30:C31) -> 0 | D32: =SUM(D30:D31) -> 0 | E32: =SUM(E30:E31) -> 0 | F32: =SUM(F30:F31) -> 0 | H32: جملة نوع ( 3 ) | I32: ='موازنة 2028 -2029'!M32 -> 114000 | J32: =SUM(J30:J31) -> 0 | K32: =SUM(K30:K31) -> 0 | L32: =SUM(L30:L31) -> 0 | M32: ='الاطار الموازنى راي الجهه عام'!M32 -> 0 | N32: =M32-I32 -> -114000 | O32: =SUM(O30:O31) -> 0 | P32: =IF(O32>I32,O32-I32," ") | Q32: =IF(I32>O32,I32-O32," ") -> 114000 | R32: =IF(O32=0,,O32/I32) -> 0 | S32: =SUM(A32+B32+C32+D32+E32+F32+I32+J32+K32+L32+M32+O32) -> 114000
A33: =A32/A847 -> #DIV/0! | B33: =B32/B847 -> #DIV/0! | C33: =C32/C847 -> #DIV/0! | D33: =D32/D847 -> #DIV/0! | E33: =E32/E847 -> #DIV/0! | F33: =F32/F847 -> #DIV/0! | H33: نسبة الى إيرادات النشاط | I33: ='موازنة 2028 -2029'!M33 -> 0.0020870329 | J33: =J32/J847 -> #DIV/0! | K33: =K32/K847 -> #DIV/0! | L33: =L32/L847 -> #DIV/0! | M33: ='الاطار الموازنى راي الجهه عام'!M33 -> #DIV/0! | O33: =O32/O847 -> #DIV/0! | S33: 1
G34: 3111020400 | H34: نوع (4) غاز | I34: ='موازنة 2028 -2029'!M34 -> 0 | M34: ='الاطار الموازنى راي الجهه عام'!M34 -> 0 | P34: =IF(O34>I34,O34-I34," ") | Q34: =IF(I34>O34,I34-O34," ") | S34: =S36 -> 0
G35: 3111020401 | H35: فرع (1) غاز للتشغيل | I35: ='موازنة 2028 -2029'!M35 -> 9000 | L35: =K35*2 -> 0 | M35: ='الاطار الموازنى راي الجهه عام'!M35 -> 0 | N35: =M35-I35 -> -9000 | P35: =IF(O35>I35,O35-I35," ") | Q35: =IF(I35>O35,I35-O35," ") -> 9000 | R35: =IF(O35=0,,O35/I35) -> 0 | S35: =SUM(A35+B35+C35+D35+E35+F35+I35+J35+K35+L35+M35+O35) -> 9000
G36: 3111020402 | H36: فرع (2) غاز لسيارات الركوب | I36: ='موازنة 2028 -2029'!M36 -> 0 | L36: =K36*2 -> 0 | M36: ='الاطار الموازنى راي الجهه عام'!M36 -> 0 | N36: =M36-I36 -> 0 | P36: =IF(O36>I36,O36-I36," ") | Q36: =IF(I36>O36,I36-O36," ") | R36: =IF(O36=0,,O36/I36) -> 0 | S36: =SUM(A36+B36+C36+D36+E36+F36+I36+J36+K36+L36+M36+O36) -> 0
A37: =SUM(A35:A36) -> 0 | B37: =SUM(B35:B36) -> 0 | C37: =SUM(C35:C36) -> 0 | D37: =SUM(D35:D36) -> 0 | E37: =SUM(E35:E36) -> 0 | F37: =SUM(F35:F36) -> 0 | H37: جملة نوع ( 4 ) | I37: ='موازنة 2028 -2029'!M37 -> 9000 | J37: =SUM(J35:J36) -> 0 | K37: =SUM(K35:K36) -> 0 | L37: =SUM(L35:L36) -> 0 | M37: ='الاطار الموازنى راي الجهه عام'!M37 -> 0 | N37: =M37-I37 -> -9000 | O37: =SUM(O35:O36) -> 0 | P37: =IF(O37>I37,O37-I37," ") | Q37: =IF(I37>O37,I37-O37," ") -> 9000 | R37: =IF(O37=0,,O37/I37) -> 0 | S37: =SUM(A37+B37+C37+D37+E37+F37+I37+J37+K37+L37+M37+O37) -> 9000
A38: =A37/A847 -> #DIV/0! | B38: =B37/B847 -> #DIV/0! | C38: =C37/C847 -> #DIV/0! | D38: =D37/D847 -> #DIV/0! | E38: =E37/E847 -> #DIV/0! | F38: =F37/F847 -> #DIV/0! | H38: نسبة الى إيرادات النشاط | I38: ='موازنة 2028 -2029'!M38 -> 0.00016476576 | J38: =J37/J847 -> #DIV/0! | K38: =K37/K847 -> #DIV/0! | L38: =L37/L847 -> #DIV/0! | M38: ='الاطار الموازنى راي الجهه عام'!M38 -> #DIV/0! | O38: =O37/O847 -> #DIV/0! | S38: 1
G39: 3111020501 | H39: نوع(5) أخرى | I39: ='موازنة 2028 -2029'!M39 -> 0 | L39: =K39*2 -> 0 | M39: ='الاطار الموازنى راي الجهه عام'!M39 -> 0 | N39: =M39-I39 -> 0 | P39: =IF(O39>I39,O39-I39," ") | Q39: =IF(I39>O39,I39-O39," ") | R39: =IF(O39=0,,O39/I39) -> 0 | S39: =SUM(A39+B39+C39+D39+E39+F39+I39+J39+K39+L39+M39+O39) -> 0
A40: =A23+A27+A32+A37+A39 -> 0 | B40: =B23+B27+B32+B37+B39 -> 0 | C40: =C23+C27+C32+C37+C39 -> 0 | D40: =D23+D27+D32+D37+D39 -> 0 | E40: =E23+E27+E32+E37+E39 -> 0 | F40: =F23+F27+F32+F37+F39 -> 0 | H40: جملة بند (2) وقود وزيوت | I40: ='موازنة 2028 -2029'!M40 -> 806000 | J40: =J23+J27+J32+J37+J39 -> 0 | K40: =K23+K27+K32+K37+K39 -> 0 | L40: =L23+L27+L32+L37+L39 -> 0 | M40: ='الاطار الموازنى راي الجهه عام'!M40 -> 0 | N40: =M40-I40 -> -806000 | O40: =O23+O27+O32+O37+O39 -> 0 | P40: =IF(O40>I40,O40-I40," ") | Q40: =IF(I40>O40,I40-O40," ") -> 806000 | R40: =IF(O40=0,,O40/I40) -> 0 | S40: =SUM(A40+B40+C40+D40+E40+F40+I40+J40+K40+L40+M40+O40) -> 806000
A41: =A40/A847 -> #DIV/0! | B41: =B40/B847 -> #DIV/0! | C41: =C40/C847 -> #DIV/0! | D41: =D40/D847 -> #DIV/0! | E41: =E40/E847 -> #DIV/0! | F41: =F40/F847 -> #DIV/0! | H41: نسبة الى إيرادات النشاط | I41: ='موازنة 2028 -2029'!M41 -> 0.014755689 | J41: =J40/J847 -> #DIV/0! | K41: =K40/K847 -> #DIV/0! | L41: =L40/L847 -> #DIV/0! | M41: ='الاطار الموازنى راي الجهه عام'!M41 -> #DIV/0! | N41: =N40/N847 -> 0.014755689 | O41: =O40/O847 -> #DIV/0! | S41: 1
G42: 3111030000 | H42: بند 3 قطع غيار ومهمات | I42: ='موازنة 2028 -2029'!M42 -> 0 | M42: ='الاطار الموازنى راي الجهه عام'!M42 -> 0 | P42: =IF(O42>I42,O42-I42," ") | Q42: =IF(I42>O42,I42-O42," ") | S42: =S45 -> 645000
G43: 3111030101 | H43: نوع(1) قطع غيار ومواد للصيانة | I43: ='موازنة 2028 -2029'!M43 -> 266000 | L43: =K43*2 -> 0 | M43: ='الاطار الموازنى راي الجهه عام'!M43 -> 0 | N43: =M43-I43 -> -266000 | P43: =IF(O43>I43,O43-I43," ") | Q43: =IF(I43>O43,I43-O43," ") -> 266000 | R43: =IF(O43=0,,O43/I43) -> 0 | S43: =SUM(A43+B43+C43+D43+E43+F43+I43+J43+K43+L43+M43+O43) -> 266000
G44: 3111030201 | H44: نوع(2) مواد ومهمات متنوعة | I44: ='موازنة 2028 -2029'!M44 -> 379000 | L44: =K44*2 -> 0 | M44: ='الاطار الموازنى راي الجهه عام'!M44 -> 0 | N44: =M44-I44 -> -379000 | P44: =IF(O44>I44,O44-I44," ") | Q44: =IF(I44>O44,I44-O44," ") -> 379000 | R44: =IF(O44=0,,O44/I44) -> 0 | S44: =SUM(A44+B44+C44+D44+E44+F44+I44+J44+K44+L44+M44+O44) -> 379000
A45: =SUM(A43:A44) -> 0 | B45: =SUM(B43:B44) -> 0 | C45: =SUM(C43:C44) -> 0 | D45: =SUM(D43:D44) -> 0 | E45: =SUM(E43:E44) -> 0 | F45: =SUM(F43:F44) -> 0 | H45: جملة بند (3) قطع غيار ومهمات | I45: ='موازنة 2028 -2029'!M45 -> 645000 | J45: =SUM(J43:J44) -> 0 | K45: =SUM(K43:K44) -> 0 | L45: =SUM(L43:L44) -> 0 | M45: ='الاطار الموازنى راي الجهه عام'!M45 -> 0 | N45: =M45-I45 -> -645000 | O45: =SUM(O43:O44) -> 0 | P45: =IF(O45>I45,O45-I45," ") | Q45: =IF(I45>O45,I45-O45," ") -> 645000 | R45: =IF(O45=0,,O45/I45) -> 0 | S45: =SUM(A45+B45+C45+D45+E45+F45+I45+J45+K45+L45+M45+O45) -> 645000
A46: =A45/A847 -> #DIV/0! | B46: =B45/B847 -> #DIV/0! | C46: =C45/C847 -> #DIV/0! | D46: =D45/D847 -> #DIV/0! | E46: =E45/E847 -> #DIV/0! | F46: =F45/F847 -> #DIV/0! | H46: نسبة الى إيرادات النشاط | I46: ='موازنة 2028 -2029'!M46 -> 0.011808213 | J46: =J45/J847 -> #DIV/0! | K46: =K45/K847 -> #DIV/0! | L46: =L45/L847 -> #DIV/0! | M46: ='الاطار الموازنى راي الجهه عام'!M46 -> #DIV/0! | O46: =O45/O847 -> #DIV/0! | S46: 1
G47: 3111040000 | H47: بند 4 مواد تعبئة وتغليف | I47: ='موازنة 2028 -2029'!M47 -> 0 | M47: ='الاطار الموازنى راي الجهه عام'!M47 -> 0 | P47: =IF(O47>I47,O47-I47," ") | Q47: =IF(I47>O47,I47-O47," ") | S47: =S50 -> 0
G48: 3111040101 | H48: نوع(1) مواد تعبئة وتغليف مستهلكة | I48: ='موازنة 2028 -2029'!M48 -> 0 | L48: =K48*2 -> 0 | M48: ='الاطار الموازنى راي الجهه عام'!M48 -> 0 | N48: =M48-I48 -> 0 | P48: =IF(O48>I48,O48-I48," ") | Q48: =IF(I48>O48,I48-O48," ") | R48: =IF(O48=0,,O48/I48) -> 0 | S48: =SUM(A48+B48+C48+D48+E48+F48+I48+J48+K48+L48+M48+O48) -> 0
G49: 3111040201 | H49: نوع(2) مواد تعبئة وتغليف متداولة | I49: ='موازنة 2028 -2029'!M49 -> 0 | L49: =K49*2 -> 0 | M49: ='الاطار الموازنى راي الجهه عام'!M49 -> 0 | N49: =M49-I49 -> 0 | P49: =IF(O49>I49,O49-I49," ") | Q49: =IF(I49>O49,I49-O49," ") | R49: =IF(O49=0,,O49/I49) -> 0 | S49: =SUM(A49+B49+C49+D49+E49+F49+I49+J49+K49+L49+M49+O49) -> 0
A50: =SUM(A48:A49) -> 0 | B50: =SUM(B48:B49) -> 0 | C50: =SUM(C48:C49) -> 0 | D50: =SUM(D48:D49) -> 0 | E50: =SUM(E48:E49) -> 0 | F50: =SUM(F48:F49) -> 0 | H50: جملة بند (4) مواد تعبئة وتغليف | I50: ='موازنة 2028 -2029'!M50 -> 0 | J50: =SUM(J48:J49) -> 0 | K50: =SUM(K48:K49) -> 0 | L50: =SUM(L48:L49) -> 0 | M50: ='الاطار الموازنى راي الجهه عام'!M50 -> 0 | N50: =M50-I50 -> 0 | O50: =SUM(O48:O49) -> 0 | P50: =IF(O50>I50,O50-I50," ") | Q50: =IF(I50>O50,I50-O50," ") | R50: =IF(O50=0,,O50/I50) -> 0 | S50: =SUM(A50+B50+C50+D50+E50+F50+I50+J50+K50+L50+M50+O50) -> 0
A51: =A50/A847 -> #DIV/0! | B51: =B50/B847 -> #DIV/0! | C51: =C50/C847 -> #DIV/0! | D51: =D50/D847 -> #DIV/0! | E51: =E50/E847 -> #DIV/0! | F51: =F50/F847 -> #DIV/0! | H51: نسبة الى إيرادات النشاط | I51: ='موازنة 2028 -2029'!M51 -> 0 | J51: =J50/J847 -> #DIV/0! | K51: =K50/K847 -> #DIV/0! | L51: =L50/L847 -> #DIV/0! | M51: ='الاطار الموازنى راي الجهه عام'!M51 -> #DIV/0! | O51: =O50/O847 -> #DIV/0! | S51: 1
G52: 3111050000 | H52: بند 5 كهرباء ومياه | I52: ='موازنة 2028 -2029'!M52 -> 0 | M52: ='الاطار الموازنى راي الجهه عام'!M52 -> 0 | P52: =IF(O52>I52,O52-I52," ") | Q52: =IF(I52>O52,I52-O52," ") | S52: =S58 -> 619000
G53: 3111050100 | H53: نوع (1) كهرباء | I53: ='موازنة 2028 -2029'!M53 -> 0 | M53: ='الاطار الموازنى راي الجهه عام'!M53 -> 0 | P53: =IF(O53>I53,O53-I53," ") | Q53: =IF(I53>O53,I53-O53," ") | S53: =S56 -> 528000
G54: 3111050101 | H54: فرع (1) كهرباء تشغيل | I54: ='موازنة 2028 -2029'!M54 -> 0 | L54: =K54*2 -> 0 | M54: ='الاطار الموازنى راي الجهه عام'!M54 -> 0 | N54: =M54-I54 -> 0 | P54: =IF(O54>I54,O54-I54," ") | Q54: =IF(I54>O54,I54-O54," ") | R54: =IF(O54=0,,O54/I54) -> 0 | S54: =SUM(A54+B54+C54+D54+E54+F54+I54+J54+K54+L54+M54+O54) -> 0
G55: 3111050102 | H55: فرع (2) كهرباء إنارة | I55: ='موازنة 2028 -2029'!M55 -> 528000 | L55: =K55*2 -> 0 | M55: ='الاطار الموازنى راي الجهه عام'!M55 -> 0 | N55: =M55-I55 -> -528000 | P55: =IF(O55>I55,O55-I55," ") | Q55: =IF(I55>O55,I55-O55," ") -> 528000 | R55: =IF(O55=0,,O55/I55) -> 0 | S55: =SUM(A55+B55+C55+D55+E55+F55+I55+J55+K55+L55+M55+O55) -> 528000
A56: =SUM(A54:A55) -> 0 | B56: =SUM(B54:B55) -> 0 | C56: =SUM(C54:C55) -> 0 | D56: =SUM(D54:D55) -> 0 | E56: =SUM(E54:E55) -> 0 | F56: =SUM(F54:F55) -> 0 | H56: جملة نوع ( 1 ) | I56: ='موازنة 2028 -2029'!M56 -> 528000 | J56: =SUM(J54:J55) -> 0 | K56: =SUM(K54:K55) -> 0 | L56: =SUM(L54:L55) -> 0 | M56: ='الاطار الموازنى راي الجهه عام'!M56 -> 0 | N56: =M56-I56 -> -528000 | O56: =SUM(O54:O55) -> 0 | P56: =IF(O56>I56,O56-I56," ") | Q56: =IF(I56>O56,I56-O56," ") -> 528000 | R56: =IF(O56=0,,O56/I56) -> 0 | S56: =SUM(A56+B56+C56+D56+E56+F56+I56+J56+K56+L56+M56+O56) -> 528000
G57: 3111050201 | H57: نوع (2) مياه | I57: ='موازنة 2028 -2029'!M57 -> 91000 | L57: =K57*2 -> 0 | M57: ='الاطار الموازنى راي الجهه عام'!M57 -> 0 | N57: =M57-I57 -> -91000 | P57: =IF(O57>I57,O57-I57," ") | Q57: =IF(I57>O57,I57-O57," ") -> 91000 | R57: =IF(O57=0,,O57/I57) -> 0 | S57: =SUM(A57+B57+C57+D57+E57+F57+I57+J57+K57+L57+M57+O57) -> 91000
A58: =SUM(A56:A57) -> 0 | B58: =SUM(B56:B57) -> 0 | C58: =SUM(C56:C57) -> 0 | D58: =SUM(D56:D57) -> 0 | E58: =SUM(E56:E57) -> 0 | F58: =SUM(F56:F57) -> 0 | H58: جملة بند (5) كهرباء ومياه | I58: ='موازنة 2028 -2029'!M58 -> 619000 | J58: =SUM(J56:J57) -> 0 | K58: =SUM(K56:K57) -> 0 | L58: =SUM(L56:L57) -> 0 | M58: ='الاطار الموازنى راي الجهه عام'!M58 -> 0 | N58: =M58-I58 -> -619000 | O58: =SUM(O56:O57) -> 0 | P58: =IF(O58>I58,O58-I58," ") | Q58: =IF(I58>O58,I58-O58," ") -> 619000 | R58: =IF(O58=0,,O58/I58) -> 0 | S58: =SUM(A58+B58+C58+D58+E58+F58+I58+J58+K58+L58+M58+O58) -> 619000
A59: =A58/A847 -> #DIV/0! | B59: =B58/B847 -> #DIV/0! | C59: =C58/C847 -> #DIV/0! | D59: =D58/D847 -> #DIV/0! | E59: =E58/E847 -> #DIV/0! | F59: =F58/F847 -> #DIV/0! | H59: نسبة الى إيرادات النشاط | I59: ='موازنة 2028 -2029'!M59 -> 0.011332223 | J59: =J58/J847 -> #DIV/0! | K59: =K58/K847 -> #DIV/0! | L59: =L58/L847 -> #DIV/0! | M59: ='الاطار الموازنى راي الجهه عام'!M59 -> #DIV/0! | O59: =O58/O847 -> #DIV/0! | S59: 1
G60: 3111060000 | H60: بند 6 ادوات كتابية و كتب | I60: ='موازنة 2028 -2029'!M60 -> 0 | M60: ='الاطار الموازنى راي الجهه عام'!M60 -> 0 | P60: =IF(O60>I60,O60-I60," ") | Q60: =IF(I60>O60,I60-O60," ") | S60: =S65 -> 425000
G61: 3111060101 | H61: نوع (1) ادوات كتابية و كتب | I61: ='موازنة 2028 -2029'!M61 -> 228000 | L61: =K61*2 -> 0 | M61: ='الاطار الموازنى راي الجهه عام'!M61 -> 0 | N61: =M61-I61 -> -228000 | P61: =IF(O61>I61,O61-I61," ") | Q61: =IF(I61>O61,I61-O61," ") -> 228000 | R61: =IF(O61=0,,O61/I61) -> 0 | S61: =SUM(A61+B61+C61+D61+E61+F61+I61+J61+K61+L61+M61+O61) -> 228000
G62: 3111060201 | H62: نوع(2) كتب ومجلات ووثائق أخرى للمكتبات | I62: ='موازنة 2028 -2029'!M62 -> 7000 | L62: =K62*2 -> 0 | M62: ='الاطار الموازنى راي الجهه عام'!M62 -> 0 | N62: =M62-I62 -> -7000 | P62: =IF(O62>I62,O62-I62," ") | Q62: =IF(I62>O62,I62-O62," ") -> 7000 | R62: =IF(O62=0,,O62/I62) -> 0 | S62: =SUM(A62+B62+C62+D62+E62+F62+I62+J62+K62+L62+M62+O62) -> 7000
G63: 3111060301 | H63: نوع(3) كراسات ودفاتر | I63: ='موازنة 2028 -2029'!M63 -> 0 | L63: =K63*2 -> 0 | M63: ='الاطار الموازنى راي الجهه عام'!M63 -> 0 | N63: =M63-I63 -> 0 | P63: =IF(O63>I63,O63-I63," ") | Q63: =IF(I63>O63,I63-O63," ") | R63: =IF(O63=0,,O63/I63) -> 0 | S63: =SUM(A63+B63+C63+D63+E63+F63+I63+J63+K63+L63+M63+O63) -> 0
G64: 3111060401 | H64: نوع(4) مطبوعات أخرى | I64: ='موازنة 2028 -2029'!M64 -> 190000 | L64: =K64*2 -> 0 | M64: ='الاطار الموازنى راي الجهه عام'!M64 -> 0 | N64: =M64-I64 -> -190000 | P64: =IF(O64>I64,O64-I64," ") | Q64: =IF(I64>O64,I64-O64," ") -> 190000 | R64: =IF(O64=0,,O64/I64) -> 0 | S64: =SUM(A64+B64+C64+D64+E64+F64+I64+J64+K64+L64+M64+O64) -> 190000
A65: =SUM(A61:A64) -> 0 | B65: =SUM(B61:B64) -> 0 | C65: =SUM(C61:C64) -> 0 | D65: =SUM(D61:D64) -> 0 | E65: =SUM(E61:E64) -> 0 | F65: =SUM(F61:F64) -> 0 | H65: جملة بند (6) ادوات كتابية و كتب | I65: ='موازنة 2028 -2029'!M65 -> 425000 | J65: =SUM(J61:J64) -> 0 | K65: =SUM(K61:K64) -> 0 | L65: =SUM(L61:L64) -> 0 | M65: ='الاطار الموازنى راي الجهه عام'!M65 -> 0 | N65: =M65-I65 -> -425000 | O65: =SUM(O61:O64) -> 0 | P65: =IF(O65>I65,O65-I65," ") | Q65: =IF(I65>O65,I65-O65," ") -> 425000 | R65: =IF(O65=0,,O65/I65) -> 0 | S65: =SUM(A65+B65+C65+D65+E65+F65+I65+J65+K65+L65+M65+O65) -> 425000
A66: =A65/A847 -> #DIV/0! | B66: =B65/B847 -> #DIV/0! | C66: =C65/C847 -> #DIV/0! | D66: =D65/D847 -> #DIV/0! | E66: =E65/E847 -> #DIV/0! | F66: =F65/F847 -> #DIV/0! | H66: نسبة الى إيرادات النشاط | I66: ='موازنة 2028 -2029'!M66 -> 0.0077806052 | J66: =J65/$J$845 -> #DIV/0! | K66: =K65/$K$845 -> #DIV/0! | L66: =L65/$L$845 -> #DIV/0! | M66: ='الاطار الموازنى راي الجهه عام'!M66 -> #DIV/0! | O66: =O65/$O$845 -> #DIV/0! | S66: 1
G67: 3111980101 | H67: اعتماد اجمالى على مستوى مجموعة (1) خامات ومواد ووقود وقطع غيار | I67: ='موازنة 2028 -2029'!M67 -> 0 | L67: =K67*2 -> 0 | M67: ='الاطار الموازنى راي الجهه عام'!M67 -> 0 | N67: =M67-I67 -> 0 | P67: =IF(O67>I67,O67-I67," ") | Q67: =IF(I67>O67,I67-O67," ") | R67: =IF(O67=0,,O67/I67) -> 0 | S67: =SUM(A67+B67+C67+D67+E67+F67+I67+J67+K67+L67+M67+O67) -> 0
A68: =A67+A65+A58+A50+A45+A40+A21 -> 0 | B68: =B67+B65+B58+B50+B45+B40+B21 -> 0 | C68: =C67+C65+C58+C50+C45+C40+C21 -> 0 | D68: =D67+D65+D58+D50+D45+D40+D21 -> 0 | E68: =E67+E65+E58+E50+E45+E40+E21 -> 0 | F68: =F67+F65+F58+F50+F45+F40+F21 -> 0 | H68: جملة مجموعة (1) خامات ومواد ووقود وقطع غيار | I68: ='موازنة 2028 -2029'!M68 -> 2495000 | J68: =J67+J65+J58+J50+J45+J40+J21 -> 0 | K68: =K67+K65+K58+K50+K45+K40+K21 -> 0 | L68: =L67+L65+L58+L50+L45+L40+L21 -> 0 | M68: ='الاطار الموازنى راي الجهه عام'!M68 -> 0 | N68: =M68-I68 -> -2495000 | O68: =O67+O65+O58+O50+O45+O40+O21 -> 0 | P68: =IF(O68>I68,O68-I68," ") | Q68: =IF(I68>O68,I68-O68," ") -> 2495000 | R68: =IF(O68=0,,O68/I68) -> 0 | S68: =SUM(A68+B68+C68+D68+E68+F68+I68+J68+K68+L68+M68+O68) -> 2495000
G69: 3111990101 | H69: المستبعد | I69: ='موازنة 2028 -2029'!M69 -> 0 | L69: =K69*2 -> 0 | M69: ='الاطار الموازنى راي الجهه عام'!M69 -> 0 | N69: =M69-I69 -> 0 | P69: =IF(O69>I69,O69-I69," ") | Q69: =IF(I69>O69,I69-O69," ") | R69: =IF(O69=0,,O69/I69) -> 0 | S69: =SUM(A69+B69+C69+D69+E69+F69+I69+J69+K69+L69+M69+O69) -> 0
A70: =A68-A69 -> 0 | B70: =B68-B69 -> 0 | C70: =C68-C69 -> 0 | D70: =D68-D69 -> 0 | E70: =E68-E69 -> 0 | F70: =F68-F69 -> 0 | H70: صافى مجموعة ( 1 ) خامات ومواد ووقود وقطع غيار | I70: ='موازنة 2028 -2029'!M70 -> 2495000 | J70: =J68-J69 -> 0 | K70: =K68-K69 -> 0 | L70: =L68-L69 -> 0 | M70: ='الاطار الموازنى راي الجهه عام'!M70 -> 0 | N70: =M70-I70 -> -2495000 | O70: =O68-O69 -> 0 | P70: =IF(O70>I70,O70-I70," ") | Q70: =IF(I70>O70,I70-O70," ") -> 2495000 | R70: =IF(O70=0,,O70/I70) -> 0 | S70: =SUM(A70+B70+C70+D70+E70+F70+I70+J70+K70+L70+M70+O70) -> 2495000
C71: =(C70-A70)/A70 -> #DIV/0! | D71: =(D70-B70)/B70 -> #DIV/0! | E71: =(E70-C70)/C70 -> #DIV/0! | F71: =(F70-D70)/D70 -> #DIV/0! | H71: نسبة التطور | I71: ='موازنة 2028 -2029'!M71 -> #VALUE! | M71: ='الاطار الموازنى راي الجهه عام'!M71 -> -1 | O71: =(O70-J70)/J70 -> #DIV/0! | S71: 1
G72: 3112000000 | H72: مجموعة (2) الأجـــــــــــــــــــور | I72: ='موازنة 2028 -2029'!M72 -> 0 | L72: =K72*2 -> 0 | M72: ='الاطار الموازنى راي الجهه عام'!M72 -> 0 | N72: =M72-I72 -> 0 | P72: =IF(O72>I72,O72-I72," ") | Q72: =IF(I72>O72,I72-O72," ") | S72: =S191 -> 26825000
G73: 3112010000 | H73: بند 1 - أجـــور نقدية | I73: ='موازنة 2028 -2029'!M73 -> 0 | L73: =K73*2 -> 0 | M73: ='الاطار الموازنى راي الجهه عام'!M73 -> 0 | N73: =M73-I73 -> 0 | P73: =IF(O73>I73,O73-I73," ") | Q73: =IF(I73>O73,I73-O73," ") | S73: =S164 -> 18107000
G74: 3112010100 | H74: نوع(1) الوظائف الدائمة | I74: ='موازنة 2028 -2029'!M74 -> 0 | L74: =K74*2 -> 0 | M74: ='الاطار الموازنى راي الجهه عام'!M74 -> 0 | N74: =M74-I74 -> 0 | P74: =IF(O74>I74,O74-I74," ") | Q74: =IF(I74>O74,I74-O74," ") | S74: =S78 -> 1552000
G75: 3112010101 | H75: فرع (1) أجور أساسية | I75: ='موازنة 2028 -2029'!M75 -> 1552000 | L75: =K75*2 -> 0 | M75: ='الاطار الموازنى راي الجهه عام'!M75 -> 0 | N75: =M75-I75 -> -1552000 | O75: =M75 -> 0 | P75: =IF(O75>I75,O75-I75," ") | Q75: =IF(I75>O75,I75-O75," ") -> 1552000 | R75: =IF(O75=0,,O75/I75) -> 0 | S75: =SUM(A75+B75+C75+D75+E75+F75+I75+J75+K75+L75+M75+O75) -> 1552000
G76: 3112010102 | H76: فرع (2) الأجر الوظيفي | I76: ='موازنة 2028 -2029'!M76 -> 0 | L76: =K76*2 -> 0 | M76: ='الاطار الموازنى راي الجهه عام'!M76 -> 0 | N76: =M76-I76 -> 0 | P76: =IF(O76>I76,O76-I76," ") | Q76: =IF(I76>O76,I76-O76," ") | R76: =IF(O76=0,,O76/I76) -> 0 | S76: =SUM(A76+B76+C76+D76+E76+F76+I76+J76+K76+L76+M76+O76) -> 0
G77: 3112010103 | H77: فرع (3) تكاليف وأجور ومرتبات المخاطبين بأحكام القانون رقم 28 لسنة 2018 | I77: ='موازنة 2028 -2029'!M77 -> 0 | L77: =K77*2 -> 0 | M77: ='الاطار الموازنى راي الجهه عام'!M77 -> 0 | N77: =M77-I77 -> 0 | P77: =IF(O77>I77,O77-I77," ") | Q77: =IF(I77>O77,I77-O77," ") | R77: =IF(O77=0,,O77/I77) -> 0 | S77: =SUM(A77+B77+C77+D77+E77+F77+I77+J77+K77+L77+M77+O77) -> 0
A78: =SUM(A75:A77) -> 0 | B78: =SUM(B75:B77) -> 0 | C78: =SUM(C75:C77) -> 0 | D78: =SUM(D75:D77) -> 0 | E78: =SUM(E75:E77) -> 0 | F78: =SUM(F75:F77) -> 0 | H78: جملة نوع ( 1 ) | I78: ='موازنة 2028 -2029'!M78 -> 1552000 | J78: =SUM(J75:J77) -> 0 | K78: =SUM(K75:K77) -> 0 | L78: =SUM(L75:L77) -> 0 | M78: ='الاطار الموازنى راي الجهه عام'!M78 -> 0 | N78: =M78-I78 -> -1552000 | O78: =SUM(O75:O77) -> 0 | P78: =IF(O78>I78,O78-I78," ") | Q78: =IF(I78>O78,I78-O78," ") -> 1552000 | R78: =IF(O78=0,,O78/I78) -> 0 | S78: =SUM(A78+B78+C78+D78+E78+F78+I78+J78+K78+L78+M78+O78) -> 1552000
G79: 3112010200 | H79: نوع(2)المكافأت الشاملة | I79: ='موازنة 2028 -2029'!M79 -> 0 | L79: =K79*2 -> 0 | M79: ='الاطار الموازنى راي الجهه عام'!M79 -> 0 | N79: =M79-I79 -> 0 | P79: =IF(O79>I79,O79-I79," ") | Q79: =IF(I79>O79,I79-O79," ") | S79: =S85 -> 5116000
G80: 3112010201 | H80: فرع (1) مكافآت الخبراء الوطنيين | I80: ='موازنة 2028 -2029'!M80 -> 0 | L80: =K80*2 -> 0 | M80: ='الاطار الموازنى راي الجهه عام'!M80 -> 0 | N80: =M80-I80 -> 0 | P80: =IF(O80>I80,O80-I80," ") | Q80: =IF(I80>O80,I80-O80," ") | R80: =IF(O80=0,,O80/I80) -> 0 | S80: =SUM(A80+B80+C80+D80+E80+F80+I80+J80+K80+L80+M80+O80) -> 0
G81: 3112010202 | H81: فرع (2) مكافآت الخبراء الأجانب | I81: ='موازنة 2028 -2029'!M81 -> 0 | L81: =K81*2 -> 0 | M81: ='الاطار الموازنى راي الجهه عام'!M81 -> 0 | N81: =M81-I81 -> 0 | P81: =IF(O81>I81,O81-I81," ") | Q81: =IF(I81>O81,I81-O81," ") | R81: =IF(O81=0,,O81/I81) -> 0 | S81: =SUM(A81+B81+C81+D81+E81+F81+I81+J81+K81+L81+M81+O81) -> 0
G82: 3112010203 | H82: فرع (3) المعينون بمكافآت شاملة | I82: ='موازنة 2028 -2029'!M82 -> 1786000 | L82: =K82*2 -> 0 | M82: ='الاطار الموازنى راي الجهه عام'!M82 -> 0 | N82: =M82-I82 -> -1786000 | O82: =M82 -> 0 | P82: =IF(O82>I82,O82-I82," ") | Q82: =IF(I82>O82,I82-O82," ") -> 1786000 | R82: =IF(O82=0,,O82/I82) -> 0 | S82: =SUM(A82+B82+C82+D82+E82+F82+I82+J82+K82+L82+M82+O82) -> 1786000
G83: 3112010204 | H83: فرع (4) أجور الموسميين والعمالة العرضية | I83: ='موازنة 2028 -2029'!M83 -> 3330000 | L83: =K83*2 -> 0 | M83: ='الاطار الموازنى راي الجهه عام'!M83 -> 0 | N83: =M83-I83 -> -3330000 | O83: =M83 -> 0 | P83: =IF(O83>I83,O83-I83," ") | Q83: =IF(I83>O83,I83-O83," ") -> 3330000 | R83: =IF(O83=0,,O83/I83) -> 0 | S83: =SUM(A83+B83+C83+D83+E83+F83+I83+J83+K83+L83+M83+O83) -> 3330000
G84: 3112010205 | H84: فرع (5) مكافآت الصبية | I84: ='موازنة 2028 -2029'!M84 -> 0 | L84: =K84*2 -> 0 | M84: ='الاطار الموازنى راي الجهه عام'!M84 -> 0 | N84: =M84-I84 -> 0 | P84: =IF(O84>I84,O84-I84," ") | Q84: =IF(I84>O84,I84-O84," ") | R84: =IF(O84=0,,O84/I84) -> 0 | S84: =SUM(A84+B84+C84+D84+E84+F84+I84+J84+K84+L84+M84+O84) -> 0
A85: =SUM(A80:A84) -> 0 | B85: =SUM(B80:B84) -> 0 | C85: =SUM(C80:C84) -> 0 | D85: =SUM(D80:D84) -> 0 | E85: =SUM(E80:E84) -> 0 | F85: =SUM(F80:F84) -> 0 | H85: جملة نوع ( 2 ) | I85: ='موازنة 2028 -2029'!M85 -> 5116000 | J85: =SUM(J80:J84) -> 0 | K85: =SUM(K80:K84) -> 0 | L85: =SUM(L80:L84) -> 0 | M85: ='الاطار الموازنى راي الجهه عام'!M85 -> 0 | N85: =M85-I85 -> -5116000 | O85: =SUM(O80:O84) -> 0 | P85: =IF(O85>I85,O85-I85," ") | Q85: =IF(I85>O85,I85-O85," ") -> 5116000 | R85: =IF(O85=0,,O85/I85) -> 0 | S85: =SUM(A85+B85+C85+D85+E85+F85+I85+J85+K85+L85+M85+O85) -> 5116000
A86: =A85/$A$845 -> #DIV/0! | B86: =B85/$B$845 -> #DIV/0! | C86: =C85/$C$845 -> #DIV/0! | D86: =D85/$D$845 -> #DIV/0! | E86: =E85/$E$845 -> #DIV/0! | F86: =F85/$F$845 -> #DIV/0! | H86: نسبة الى مبيعات الإنتاج التام | I86: ='موازنة 2028 -2029'!M86 -> #DIV/0! | J86: =J85/$J$845 -> #DIV/0! | K86: =K85/$K$845 -> #DIV/0! | L86: =L85/$L$845 -> #DIV/0! | M86: ='الاطار الموازنى راي الجهه عام'!M86 -> #DIV/0! | O86: =O85/$O$845 -> #DIV/0! | S86: 1
A87: =A85/A847 -> #DIV/0! | B87: =B85/B847 -> #DIV/0! | C87: =C85/C847 -> #DIV/0! | D87: =D85/D847 -> #DIV/0! | E87: =E85/E847 -> #DIV/0! | F87: =F85/F847 -> #DIV/0! | H87: نسبة الى إيرادات النشاط | I87: ='موازنة 2028 -2029'!M87 -> 0.09366018 | J87: =J85/J847 -> #DIV/0! | K87: =K85/K847 -> #DIV/0! | L87: =L85/L847 -> #DIV/0! | M87: ='الاطار الموازنى راي الجهه عام'!M87 -> #DIV/0! | O87: =O85/O847 -> #DIV/0! | S87: 1
G88: 3112010301 | H88: نوع (3) تكاليف المعارين وتتحمل الهيئة / الشركة بمرتباتهم | I88: ='موازنة 2028 -2029'!M88 -> 300000 | L88: =K88*2 -> 0 | M88: ='الاطار الموازنى راي الجهه عام'!M88 -> 0 | N88: =M88-I88 -> -300000 | O88: =M88 -> 0 | P88: =IF(O88>I88,O88-I88," ") | Q88: =IF(I88>O88,I88-O88," ") -> 300000 | R88: =IF(O88=0,,O88/I88) -> 0 | S88: =SUM(A88+B88+C88+D88+E88+F88+I88+J88+K88+L88+M88+O88) -> 300000
G89: 3112010401 | H89: نوع (4) تكاليف الأجازات الدراسية و المنح التدريبية | I89: ='موازنة 2028 -2029'!M89 -> 0 | L89: =K89*2 -> 0 | M89: ='الاطار الموازنى راي الجهه عام'!M89 -> 0 | N89: =M89-I89 -> 0 | P89: =IF(O89>I89,O89-I89," ") | Q89: =IF(I89>O89,I89-O89," ") | R89: =IF(O89=0,,O89/I89) -> 0 | S89: =SUM(A89+B89+C89+D89+E89+F89+I89+J89+K89+L89+M89+O89) -> 0
G90: 3112010500 | H90: نوع (5) المكافآت | I90: ='موازنة 2028 -2029'!M90 -> 0 | M90: ='الاطار الموازنى راي الجهه عام'!M90 -> 0 | P90: =IF(O90>I90,O90-I90," ") | Q90: =IF(I90>O90,I90-O90," ") | S90: =S108 -> 10295000
G91: 3112010501 | H91: فرع (1) تعويض العاملين عن جهود غير عادية | I91: ='موازنة 2028 -2029'!M91 -> 1550000 | L91: =K91*2 -> 0 | M91: ='الاطار الموازنى راي الجهه عام'!M91 -> 0 | N91: =M91-I91 -> -1550000 | O91: =M91 -> 0 | P91: =IF(O91>I91,O91-I91," ") | Q91: =IF(I91>O91,I91-O91," ") -> 1550000 | R91: =IF(O91=0,,O91/I91) -> 0 | S91: =SUM(A91+B91+C91+D91+E91+F91+I91+J91+K91+L91+M91+O91) -> 1550000
G92: 3112010502 | H92: فرع (2) مكافآت عن أعمال إضافية | I92: ='موازنة 2028 -2029'!M92 -> 927000 | L92: =K92*2 -> 0 | M92: ='الاطار الموازنى راي الجهه عام'!M92 -> 0 | N92: =M92-I92 -> -927000 | O92: =M92 -> 0 | P92: =IF(O92>I92,O92-I92," ") | Q92: =IF(I92>O92,I92-O92," ") -> 927000 | R92: =IF(O92=0,,O92/I92) -> 0 | S92: =SUM(A92+B92+C92+D92+E92+F92+I92+J92+K92+L92+M92+O92) -> 927000
G93: 3112010503 | H93: فرع (3) مكافآت طوارئ للعسكريين أو المجندين | I93: ='موازنة 2028 -2029'!M93 -> 0 | L93: =K93*2 -> 0 | M93: ='الاطار الموازنى راي الجهه عام'!M93 -> 0 | N93: =M93-I93 -> 0 | O93: =M93 -> 0 | P93: =IF(O93>I93,O93-I93," ") | Q93: =IF(I93>O93,I93-O93," ") | R93: =IF(O93=0,,O93/I93) -> 0 | S93: =SUM(A93+B93+C93+D93+E93+F93+I93+J93+K93+L93+M93+O93) -> 0
G94: 3112010504 | H94: فرع (4) مكافآت إنتاجية و تشجيعية | I94: ='موازنة 2028 -2029'!M94 -> 2810000 | L94: =K94*2 -> 0 | M94: ='الاطار الموازنى راي الجهه عام'!M94 -> 0 | N94: =M94-I94 -> -2810000 | O94: =M94 -> 0 | P94: =IF(O94>I94,O94-I94," ") | Q94: =IF(I94>O94,I94-O94," ") -> 2810000 | R94: =IF(O94=0,,O94/I94) -> 0 | S94: =SUM(A94+B94+C94+D94+E94+F94+I94+J94+K94+L94+M94+O94) -> 2810000
G95: 3112010505 | H95: فرع (5) حوافز للعاملين | I95: ='موازنة 2028 -2029'!M95 -> 1893000 | L95: =K95*2 -> 0 | M95: ='الاطار الموازنى راي الجهه عام'!M95 -> 0 | N95: =M95-I95 -> -1893000 | O95: =M95 -> 0 | P95: =IF(O95>I95,O95-I95," ") | Q95: =IF(I95>O95,I95-O95," ") -> 1893000 | R95: =IF(O95=0,,O95/I95) -> 0 | S95: =SUM(A95+B95+C95+D95+E95+F95+I95+J95+K95+L95+M95+O95) -> 1893000
G96: 3112010506 | H96: فرع (6) مكافآت حضور جلسات و لجان | I96: ='موازنة 2028 -2029'!M96 -> 660000 | L96: =K96*2 -> 0 | M96: ='الاطار الموازنى راي الجهه عام'!M96 -> 0 | N96: =M96-I96 -> -660000 | O96: =M96 -> 0 | P96: =IF(O96>I96,O96-I96," ") | Q96: =IF(I96>O96,I96-O96," ") -> 660000 | R96: =IF(O96=0,,O96/I96) -> 0 | S96: =SUM(A96+B96+C96+D96+E96+F96+I96+J96+K96+L96+M96+O96) -> 660000
G97: 3112010507 | H97: فرع (7) مكافآت تدريس و إشراف و امتحانات | I97: ='موازنة 2028 -2029'!M97 -> 0 | L97: =K97*2 -> 0 | M97: ='الاطار الموازنى راي الجهه عام'!M97 -> 0 | N97: =M97-I97 -> 0 | O97: =M97 -> 0 | P97: =IF(O97>I97,O97-I97," ") | Q97: =IF(I97>O97,I97-O97," ") | R97: =IF(O97=0,,O97/I97) -> 0 | S97: =SUM(A97+B97+C97+D97+E97+F97+I97+J97+K97+L97+M97+O97) -> 0
G98: 3112010508 | H98: فرع (8) مكافآت تدريب | I98: ='موازنة 2028 -2029'!M98 -> 0 | L98: =K98*2 -> 0 | M98: ='الاطار الموازنى راي الجهه عام'!M98 -> 0 | N98: =M98-I98 -> 0 | O98: =M98 -> 0 | P98: =IF(O98>I98,O98-I98," ") | Q98: =IF(I98>O98,I98-O98," ") | R98: =IF(O98=0,,O98/I98) -> 0 | S98: =SUM(A98+B98+C98+D98+E98+F98+I98+J98+K98+L98+M98+O98) -> 0
G99: 3112010509 | H99: فرع (9) مكافآت محو الأمية | I99: ='موازنة 2028 -2029'!M99 -> 0 | L99: =K99*2 -> 0 | M99: ='الاطار الموازنى راي الجهه عام'!M99 -> 0 | N99: =M99-I99 -> 0 | O99: =M99 -> 0 | P99: =IF(O99>I99,O99-I99," ") | Q99: =IF(I99>O99,I99-O99," ") | R99: =IF(O99=0,,O99/I99) -> 0 | S99: =SUM(A99+B99+C99+D99+E99+F99+I99+J99+K99+L99+M99+O99) -> 0
G100: 3112010510 | H100: فرع (10) مكافآت عن أعمال أخري | I100: ='موازنة 2028 -2029'!M100 -> 200000 | L100: =K100*2 -> 0 | M100: ='الاطار الموازنى راي الجهه عام'!M100 -> 0 | N100: =M100-I100 -> -200000 | O100: =M100 -> 0 | P100: =IF(O100>I100,O100-I100," ") | Q100: =IF(I100>O100,I100-O100," ") -> 200000 | R100: =IF(O100=0,,O100/I100) -> 0 | S100: =SUM(A100+B100+C100+D100+E100+F100+I100+J100+K100+L100+M100+O100) -> 200000
...

Sheet الاطار الموازنى راي الجهه
A1: الاطار الموازني ( راي الجهه ) 2026/ 2027 :2028/ 2029
D2: جهاز/صندوق/ هيئة | P2: " القيمة بالجنيه "
A3: موازنة السنة المالية 2021/ 2022 | C3: موازنة السنة المالية 2022/ 2023 | E3: موازنة السنة المالية 2024/ 2025 | G3: الكود الاقتصادى | H3: البيان | I3: مقترح مشروع 2025/ 2026 | J3: الاطار الموازني | N3: الزيادة في راي الجهة | O3: موازنة العام المالى 2028/ 2029 | P3: التغير | R3: النسبة
A4: ربط | B4: ختامي | C4: ربط | D4: ختامي | E4: ربط | F4: ختامي | J4: 2027/ 2026 | K4: 2028/2027 | L4: المتوقع | M4: 2029/2028 | P4: الزيادة | Q4: الخفض
G5: 3110000000 | H5: التكاليف و المصروفات | S5: =S436 -> 192486000
G6: 3111000000 | H6: مجموعة (1) خامات ومواد ووقود وقطع غيار | S6: =S70 -> 11368000
G7: 3111010000 | H7: بند 1 - خامات ومدخلات انتاج | S7: =S21 -> 0
G8: 3111010100 | H8: نوع(1) خامات | S8: =S12 -> 0
G9: 3111010101 | H9: فرع (1) خامات رئيسية | I9: ='موازنة 2026-2027'!M9 -> 0 | J9: ='موازنة 2027-2028 '!M9 -> 0 | K9: ='موازنة 2028 -2029'!M9 -> 0 | L9: =K9*2 -> 0 | M9: ='موازنة 2029-2030'!M9 -> 0 | N9: =M9-I9 -> 0 | P9: =IF(O9>I9,O9-I9," ") | Q9: =IF(I9>O9,I9-O9," ") | R9: =IF(O9=0,,O9/I9) -> 0 | S9: =SUM(A9+B9+C9+D9+E9+F9+I9+J9+K9+L9+M9+O9) -> 0
G10: 3111010102 | H10: فرع (2) خامات مساعدة | I10: ='موازنة 2026-2027'!M10 -> 0 | J10: ='موازنة 2027-2028 '!M10 -> 0 | K10: ='موازنة 2028 -2029'!M10 -> 0 | L10: ='موازنة 2029-2030'!L10 -> 0 | M10: ='موازنة 2029-2030'!M10 -> 0 | N10: =M10-I10 -> 0 | P10: =IF(O10>I10,O10-I10," ") | Q10: =IF(I10>O10,I10-O10," ") | R10: =IF(O10=0,,O10/I10) -> 0 | S10: =SUM(A10+B10+C10+D10+E10+F10+I10+J10+K10+L10+M10+O10) -> 0
G11: 3111010103 | H11: فرع (3) أخرى | I11: ='موازنة 2026-2027'!M11 -> 0 | J11: ='موازنة 2027-2028 '!M11 -> 0 | K11: ='موازنة 2028 -2029'!M11 -> 0 | L11: =K11*2 -> 0 | M11: ='موازنة 2029-2030'!M11 -> 0 | N11: =M11-I11 -> 0 | P11: =IF(O11>I11,O11-I11," ") | Q11: =IF(I11>O11,I11-O11," ") | R11: =IF(O11=0,,O11/I11) -> 0 | S11: =SUM(A11+B11+C11+D11+E11+F11+I11+J11+K11+L11+M11+O11) -> 0
A12: =SUM(A9:A11) -> 0 | B12: =SUM(B9:B11) -> 0 | C12: =SUM(C9:C11) -> 0 | D12: =SUM(D9:D11) -> 0 | E12: =SUM(E9:E11) -> 0 | F12: =SUM(F9:F11) -> 0 | H12: جملة نوع ( 1 ) | I12: ='موازنة 2026-2027'!M12 -> 0 | J12: ='موازنة 2027-2028 '!M12 -> 0 | K12: ='موازنة 2028 -2029'!M12 -> 0 | L12: =SUM(L9:L11) -> 0 | M12: ='موازنة 2029-2030'!M12 -> 0 | N12: =M12-I12 -> 0 | O12: =SUM(O9:O11) -> 0 | P12: =IF(O12>I12,O12-I12," ") | Q12: =IF(I12>O12,I12-O12," ") | R12: =IF(O12=0,,O12/I12) -> 0 | S12: =SUM(A12+B12+C12+D12+E12+F12+I12+J12+K12+L12+M12+O12) -> 0
A13: =A12/A845 -> #DIV/0! | B13: =B12/B845 -> #DIV/0! | C13: =C12/C845 -> #DIV/0! | D13: =D12/D845 -> #DIV/0! | E13: =E12/E845 -> #DIV/0! | F13: =F12/F845 -> #DIV/0! | H13: نسبة الى إيرادات النشاط | I13: ='موازنة 2026-2027'!M13 -> 0 | J13: ='موازنة 2027-2028 '!M13 -> 0 | K13: ='موازنة 2028 -2029'!M13 -> 0 | L13: =L12/L845 -> 0 | M13: ='موازنة 2029-2030'!M13 -> #DIV/0! | O13: =O12/O845 -> #DIV/0! | S13: 1
G14: 3111010200 | H14: نوع(2) مدخلات أنتاج | I14: ='موازنة 2026-2027'!M14 -> 0 | J14: ='موازنة 2027-2028 '!M14 -> 0 | K14: ='موازنة 2028 -2029'!M14 -> 0 | M14: ='موازنة 2029-2030'!M14 -> 0 | N14: =M14-I14 -> 0 | P14: =IF(O14>I14,O14-I14," ") | Q14: =IF(I14>O14,I14-O14," ") | S14: =S19 -> 0
G15: 3111010201 | H15: فرع (1) ألأراضي المستخدمة في تنفيذ مشروعات التعمير والإسكان التي يتم بيعها مع الوحدات السكنية المقامة عليها | I15: ='موازنة 2026-2027'!M15 -> 0 | J15: ='موازنة 2027-2028 '!M15 -> 0 | K15: ='موازنة 2028 -2029'!M15 -> 0 | L15: =K15*2 -> 0 | M15: ='موازنة 2029-2030'!M15 -> 0 | N15: =M15-I15 -> 0 | P15: =IF(O15>I15,O15-I15," ") | Q15: =IF(I15>O15,I15-O15," ") | R15: =IF(O15=0,,O15/I15) -> 0 | S15: =SUM(A15+B15+C15+D15+E15+F15+I15+J15+K15+L15+M15+O15) -> 0
G16: 3111010202 | H16: فرع (2) ألأراضي المخصصة لمشروعات الاستصلاح والاستزراع التي يتم تنفيذها بغرض البيع للغير | I16: ='موازنة 2026-2027'!M16 -> 0 | J16: ='موازنة 2027-2028 '!M16 -> 0 | K16: ='موازنة 2028 -2029'!M16 -> 0 | L16: =K16*2 -> 0 | M16: ='موازنة 2029-2030'!M16 -> 0 | N16: =M16-I16 -> 0 | P16: =IF(O16>I16,O16-I16," ") | Q16: =IF(I16>O16,I16-O16," ") | R16: =IF(O16=0,,O16/I16) -> 0 | S16: =SUM(A16+B16+C16+D16+E16+F16+I16+J16+K16+L16+M16+O16) -> 0
G17: 3111010203 | H17: فرع (3) مخلفات إنتاج يتم تشغيلها مرة أخري | I17: ='موازنة 2026-2027'!M17 -> 0 | J17: ='موازنة 2027-2028 '!M17 -> 0 | K17: ='موازنة 2028 -2029'!M17 -> 0 | L17: =K17*2 -> 0 | M17: ='موازنة 2029-2030'!M17 -> 0 | N17: =M17-I17 -> 0 | P17: =IF(O17>I17,O17-I17," ") | Q17: =IF(I17>O17,I17-O17," ") | R17: =IF(O17=0,,O17/I17) -> 0 | S17: =SUM(A17+B17+C17+D17+E17+F17+I17+J17+K17+L17+M17+O17) -> 0
G18: 3111010204 | H18: فرع (4) مخلفات إنتاج أخري | I18: ='موازنة 2026-2027'!M18 -> 0 | J18: ='موازنة 2027-2028 '!M18 -> 0 | K18: ='موازنة 2028 -2029'!M18 -> 0 | L18: =K18*2 -> 0 | M18: ='موازنة 2029-2030'!M18 -> 0 | N18: =M18-I18 -> 0 | P18: =IF(O18>I18,O18-I18," ") | Q18: =IF(I18>O18,I18-O18," ") | R18: =IF(O18=0,,O18/I18) -> 0 | S18: =SUM(A18+B18+C18+D18+E18+F18+I18+J18+K18+L18+M18+O18) -> 0
A19: =SUM(A15:A18) -> 0 | B19: =SUM(B15:B18) -> 0 | C19: =SUM(C15:C18) -> 0 | D19: =SUM(D15:D18) -> 0 | E19: =SUM(E15:E18) -> 0 | F19: =SUM(F15:F18) -> 0 | H19: جملة نوع ( 2 ) | I19: ='موازنة 2026-2027'!M19 -> 0 | J19: ='موازنة 2027-2028 '!M19 -> 0 | K19: ='موازنة 2028 -2029'!M19 -> 0 | L19: =SUM(L15:L18) -> 0 | M19: ='موازنة 2029-2030'!M19 -> 0 | N19: =M19-I19 -> 0 | O19: =SUM(O15:O18) -> 0 | P19: =IF(O19>I19,O19-I19," ") | Q19: =IF(I19>O19,I19-O19," ") | R19: =IF(O19=0,,O19/I19) -> 0 | S19: =SUM(A19+B19+C19+D19+E19+F19+I19+J19+K19+L19+M19+O19) -> 0
A20: =A19/A845 -> #DIV/0! | B20: =B19/B845 -> #DIV/0! | C20: =C19/C845 -> #DIV/0! | D20: =D19/D845 -> #DIV/0! | E20: =E19/E845 -> #DIV/0! | F20: =F19/F845 -> #DIV/0! | H20: نسبة الى إيرادات النشاط | I20: ='موازنة 2026-2027'!M20 -> 0 | J20: ='موازنة 2027-2028 '!M20 -> 0 | K20: ='موازنة 2028 -2029'!M20 -> 0 | L20: =L19/L845 -> 0 | M20: ='موازنة 2029-2030'!M20 -> #DIV/0! | O20: =O19/O845 -> #DIV/0! | S20: 1
A21: =A12+A19 -> 0 | B21: =B12+B19 -> 0 | C21: =C12+C19 -> 0 | D21: =D12+D19 -> 0 | E21: =E12+E19 -> 0 | F21: =F12+F19 -> 0 | H21: جملة بند 1 - خامات ومدخلات انتاج | I21: ='موازنة 2026-2027'!M21 -> 0 | J21: ='موازنة 2027-2028 '!M21 -> 0 | K21: ='موازنة 2028 -2029'!M21 -> 0 | L21: =K21*2 -> 0 | M21: ='موازنة 2029-2030'!M21 -> 0 | N21: =M21-I21 -> 0 | O21: =O12+O19 -> 0 | P21: =IF(O21>I21,O21-I21," ") | Q21: =IF(I21>O21,I21-O21," ") | R21: =IF(O21=0,,O21/I21) -> 0 | S21: =SUM(A21+B21+C21+D21+E21+F21+I21+J21+K21+L21+M21+O21) -> 0
G22: 3111020000 | H22: بند 2 وقود وزيوت | I22: ='موازنة 2026-2027'!M22 -> 0 | J22: ='موازنة 2027-2028 '!M22 -> 0 | K22: ='موازنة 2028 -2029'!M22 -> 0 | M22: ='موازنة 2029-2030'!M22 -> 0 | P22: =IF(O22>I22,O22-I22," ") | Q22: =IF(I22>O22,I22-O22," ") | S22: =S40 -> 3674000
G23: 3111020101 | H23: نوع (1) فحومات | I23: ='موازنة 2026-2027'!M23 -> 0 | J23: ='موازنة 2027-2028 '!M23 -> 0 | K23: ='موازنة 2028 -2029'!M23 -> 0 | L23: =K23*2 -> 0 | M23: ='موازنة 2029-2030'!M23 -> 0 | N23: =M23-I23 -> 0 | P23: =IF(O23>I23,O23-I23," ") | Q23: =IF(I23>O23,I23-O23," ") | R23: =IF(O23=0,,O23/I23) -> 0 | S23: =SUM(A23+B23+C23+D23+E23+F23+I23+J23+K23+L23+M23+O23) -> 0
G24: 3111020200 | H24: نوع (2) مواد بترولية | I24: ='موازنة 2026-2027'!M24 -> 0 | J24: ='موازنة 2027-2028 '!M24 -> 0 | K24: ='موازنة 2028 -2029'!M24 -> 0 | M24: ='موازنة 2029-2030'!M24 -> 0 | P24: =IF(O24>I24,O24-I24," ") | Q24: =IF(I24>O24,I24-O24," ") | S24: =S27 -> 3113000
G25: 3111020201 | H25: فرع (1) مواد بترولية للتشغيل | I25: ='موازنة 2026-2027'!M25 -> 0 | J25: ='موازنة 2027-2028 '!M25 -> 0 | K25: ='موازنة 2028 -2029'!M25 -> 0 | L25: =K25*2 -> 0 | M25: ='موازنة 2029-2030'!M25 -> 0 | N25: =M25-I25 -> 0 | P25: =IF(O25>I25,O25-I25," ") | Q25: =IF(I25>O25,I25-O25," ") | R25: =IF(O25=0,,O25/I25) -> 0 | S25: =SUM(A25+B25+C25+D25+E25+F25+I25+J25+K25+L25+M25+O25) -> 0
